TransactionAmount,CustomerAge,TransactionType,LoginAttempts,Channel,TransactionDuration,AccountBalance,KMeans_cluster
14.09,70,Branch,1,ATM,81,5112.21,0
376.24,68,Branch,1,ATM,141,13758.91,2
126.29,19,Branch,1,Online,56,1122.35,1
184.5,26,Branch,1,Online,25,8569.06,0
13.45,26,ATM,1,Online,198,7429.4,0
92.15,18,Branch,1,ATM,172,781.68,1
7.08,37,ATM,1,ATM,139,13316.71,2
171.42,67,ATM,1,Branch,291,2796.24,1
106.23,51,ATM,1,Branch,86,9095.14,2
815.96,55,Branch,1,ATM,120,1021.88,1
17.78,52,ATM,1,Online,59,7599.52,0
190.02,21,Branch,1,Online,173,1528.81,1
494.52,24,ATM,1,Branch,111,1620.02,1
781.76,26,Branch,1,ATM,123,189.69,1
166.99,18,Branch,1,Online,134,299.93,1
465.45,36,Branch,1,ATM,129,3465.54,1
555.8,19,ATM,1,Branch,158,1131.26,1
492.93,39,Branch,1,Online,234,5109.97,0
18.68,59,ATM,1,Branch,106,7948.37,0
71.48,18,ATM,1,Online,169,6568.59,0
59.32,71,Branch,1,Branch,38,5750.89,0
85.77,38,Branch,1,Branch,93,9146.19,2
52.2,39,Branch,1,Online,120,8974.93,0
345.84,22,Branch,3,Online,142,1402.5,1
145.54,21,Branch,1,Online,96,1930.96,1
7.49,65,ATM,1,Online,276,3634.67,1
246.93,23,Branch,5,ATM,158,673.35,1
40.32,37,Branch,1,Branch,95,2686.52,1
127.45,44,Branch,1,Online,197,1772.06,1
56.17,27,Branch,1,Branch,283,1351.69,1
28.31,59,ATM,1,Online,20,8334.47,0
59.12,29,Branch,1,ATM,257,9823.64,2
396.45,49,Branch,3,ATM,168,9690.15,2
877.81,22,Branch,1,Online,150,399.0,1
255.26,45,ATM,1,Branch,50,14815.87,2
124.76,49,Branch,1,Branch,45,5764.72,0
78.13,26,Branch,1,Branch,145,900.61,1
649.28,75,Branch,1,ATM,137,4875.86,0
795.31,66,Branch,2,ATM,90,7914.88,0
335.63,55,Branch,1,Online,216,1019.39,1
328.47,63,Branch,1,ATM,119,4323.66,0
34.02,38,Branch,1,Online,19,14214.48,2
241.42,57,ATM,1,Online,116,13357.02,2
55.32,19,Branch,1,ATM,117,241.79,1
304.31,27,Branch,1,Branch,33,868.61,1
435.27,74,Branch,1,Branch,90,4673.28,0
164.49,26,Branch,1,Branch,75,1509.27,1
510.24,19,Branch,1,Online,105,781.7,1
626.9,26,Branch,1,Online,138,265.51,1
22.01,41,ATM,1,Online,175,1335.09,1
425.34,69,ATM,1,Online,121,3907.54,1
424.56,51,Branch,1,Online,264,5183.85,0
85.43,67,Branch,1,Branch,145,14904.9,2
169.5,28,Branch,1,Branch,142,918.88,1
104.63,62,Branch,1,ATM,90,4477.78,0
316.95,25,Branch,1,Branch,83,1324.03,1
60.54,57,ATM,1,Branch,52,3534.93,1
292.56,68,ATM,1,Branch,61,4638.37,0
386.52,48,Branch,1,Branch,28,5630.61,0
112.07,23,Branch,1,Branch,51,930.3,1
568.52,46,Branch,1,ATM,152,5499.91,0
263.99,79,Branch,2,Branch,227,4175.02,0
349.64,48,Branch,1,Online,226,6651.62,0
601.4,56,ATM,1,Branch,104,8458.29,0
5.77,50,Branch,1,Online,124,13988.12,2
201.33,42,ATM,1,Branch,186,2585.07,1
298.42,56,Branch,1,Branch,225,3014.75,1
521.06,25,Branch,1,Branch,128,1951.42,1
117.28,60,ATM,1,Online,16,3665.77,1
189.12,32,ATM,1,Branch,103,977.01,1
133.55,44,Branch,1,ATM,220,3846.28,1
143.21,35,Branch,1,Online,135,6374.82,0
24.77,62,Branch,1,ATM,55,5866.01,0
233.92,26,ATM,1,Online,280,6537.62,0
1212.51,20,Branch,1,Branch,24,605.95,1
232.12,37,Branch,1,ATM,51,6689.87,0
162.63,22,Branch,1,Online,113,634.17,1
91.53,44,Branch,1,Branch,69,14676.05,2
120.29,19,Branch,1,Branch,77,1362.39,1
174.25,50,Branch,1,Online,67,10528.34,2
183.71,38,Branch,1,ATM,102,552.52,1
345.39,58,ATM,1,Online,80,6451.96,0
922.55,63,Branch,1,ATM,87,4715.84,0
259.91,49,Branch,1,Online,170,7176.86,0
154.71,34,Branch,1,Online,157,1523.72,1
1340.19,54,ATM,1,Online,30,8654.28,0
24.56,64,Branch,1,Branch,69,9869.93,2
568.07,48,Branch,1,ATM,115,10556.81,2
9.61,58,ATM,1,Online,179,12883.91,2
392.96,24,Branch,1,Online,100,791.65,1
716.93,60,ATM,1,Online,34,4064.02,1
223.85,53,Branch,4,ATM,55,2929.91,1
230.66,21,Branch,1,Branch,135,618.05,1
442.12,19,Branch,1,Online,260,1375.8,1
644.17,29,Branch,1,ATM,72,1143.52,1
508.68,51,ATM,1,Branch,127,7708.41,0
858.63,27,ATM,1,Branch,185,1872.96,1
25.36,57,Branch,1,ATM,78,201.04,1
147.62,71,Branch,1,Branch,133,2115.8,1
115.02,37,Branch,1,Branch,175,7643.66,0
383.37,30,Branch,1,Branch,24,8901.93,0
98.54,20,ATM,1,Online,167,9383.43,2
83.24,55,ATM,1,Branch,164,1181.31,1
196.16,27,Branch,1,Branch,146,9418.86,2
129.94,32,Branch,1,ATM,235,7954.92,0
306.9,46,Branch,1,Online,51,9418.08,2
114.98,59,Branch,1,Online,80,6144.68,0
756.59,27,Branch,1,Branch,17,420.65,1
503.76,22,Branch,1,Online,35,447.82,1
143.03,63,Branch,1,ATM,147,7981.45,0
1045.22,53,Branch,1,ATM,73,1829.9,1
245.54,25,Branch,1,ATM,180,985.06,1
254.37,51,ATM,1,Online,174,8849.26,0
213.76,78,ATM,1,ATM,282,3528.72,1
327.86,40,Branch,1,Online,104,480.16,1
2.5,47,Branch,1,Online,107,12145.27,2
300.08,68,ATM,1,Online,47,13546.75,2
56.98,43,ATM,2,ATM,122,5688.37,0
407.65,26,Branch,1,Online,62,8346.64,0
115.83,39,Branch,1,Branch,167,6481.04,0
53.57,69,Branch,1,ATM,121,1651.33,1
63.34,46,ATM,1,Online,165,11174.94,2
317.87,27,Branch,1,Online,91,145.5,1
331.65,41,Branch,1,Online,61,4172.57,0
5.04,56,Branch,1,ATM,41,5558.36,0
214.54,70,ATM,1,Online,247,11151.53,2
598.81,57,Branch,1,Branch,158,1415.52,1
841.28,26,Branch,1,Online,80,1103.64,1
38.15,26,Branch,1,Online,108,303.68,1
1036.66,58,Branch,1,Branch,144,5541.57,0
124.72,33,Branch,1,Branch,105,6309.8,0
302.45,78,ATM,1,Branch,40,5133.61,0
208.04,47,Branch,1,Online,273,9344.98,2
5.77,23,ATM,1,Branch,254,1117.97,1
381.33,56,Branch,1,ATM,75,11835.35,2
16.16,50,Branch,1,ATM,124,14401.17,2
486.08,18,Branch,1,Online,68,1748.69,1
336.39,21,Branch,1,Branch,18,1000.46,1
997.43,69,Branch,1,Online,118,6810.05,0
234.57,23,Branch,1,Online,120,263.98,1
6.0,30,Branch,1,Online,246,5442.76,0
1049.92,80,Branch,1,ATM,21,2037.85,1
227.14,18,Branch,1,ATM,294,341.94,1
233.74,66,ATM,1,Online,17,1066.59,1
113.02,69,ATM,1,Branch,166,6077.96,0
45.85,20,Branch,1,ATM,92,1659.15,1
973.39,77,Branch,1,Branch,296,2042.22,1
514.95,41,Branch,5,Online,142,421.93,1
415.5,66,Branch,1,ATM,141,10113.66,2
265.76,54,Branch,1,Online,92,4446.17,0
69.4,80,Branch,1,Online,113,6452.77,0
332.93,35,ATM,1,Branch,293,2788.2,1
267.9,20,Branch,1,Online,160,596.16,1
496.03,61,Branch,1,Branch,265,12904.66,2
376.26,37,Branch,1,ATM,245,9062.4,0
83.02,36,ATM,1,Online,171,9009.56,0
93.26,20,ATM,1,Online,72,1152.2,1
803.37,68,ATM,1,Branch,129,12168.37,2
35.76,23,Branch,1,Branch,122,611.86,1
28.53,62,Branch,1,Online,99,8670.53,0
139.53,53,ATM,1,Online,177,10098.86,2
307.57,33,Branch,1,Branch,285,5307.74,0
60.65,56,ATM,1,Branch,53,1047.28,1
74.86,70,Branch,1,Branch,125,6921.48,0
117.97,51,Branch,1,Branch,137,1475.46,1
231.91,34,Branch,1,ATM,165,112.76,1
126.21,75,Branch,1,Branch,268,5669.66,0
506.28,53,ATM,2,Online,162,1309.95,1
304.35,31,Branch,1,Branch,36,4057.1,1
281.85,22,Branch,1,ATM,109,1585.98,1
777.88,31,Branch,1,Branch,17,6825.55,0
119.18,56,Branch,1,Branch,96,5516.5,0
177.19,76,Branch,1,Online,43,5343.3,0
260.88,22,Branch,1,Branch,36,903.05,1
169.47,24,Branch,1,Online,19,1806.16,1
73.23,26,Branch,1,Branch,14,787.74,1
1362.55,29,Branch,1,ATM,106,2429.68,1
792.57,19,Branch,1,ATM,164,770.37,1
237.06,71,Branch,1,Online,46,1182.77,1
34.17,54,ATM,1,Online,54,726.55,1
740.25,41,Branch,1,Online,123,14464.3,2
453.54,58,Branch,1,ATM,82,12046.3,2
300.47,73,Branch,1,Branch,100,7885.64,0
110.93,19,ATM,1,Branch,201,1952.35,1
201.69,59,Branch,1,ATM,299,7328.52,0
399.21,59,Branch,1,ATM,109,3210.39,1
1041.88,78,Branch,1,Online,57,5726.2,0
630.36,62,Branch,1,ATM,52,1363.65,1
10.94,60,ATM,1,ATM,245,1241.99,1
215.9,38,Branch,1,ATM,235,7873.28,0
1422.55,79,Branch,1,Branch,165,5674.32,0
226.37,49,ATM,1,Branch,141,9840.04,2
444.89,43,ATM,1,Branch,101,10328.23,2
280.57,25,ATM,1,Online,24,293.24,1
488.54,52,Branch,1,Branch,132,7486.63,0
3.3,50,ATM,1,Branch,131,11385.37,2
199.39,69,Branch,1,Branch,165,7264.79,0
20.36,62,Branch,1,Branch,75,2762.48,1
113.64,62,Branch,1,Online,32,6675.03,0
493.11,53,Branch,1,Branch,236,7432.99,0
307.41,19,Branch,1,ATM,14,1057.0,1
11.18,43,Branch,1,Online,161,5956.89,0
313.82,59,Branch,1,Branch,151,7261.59,0
51.0,64,Branch,1,Branch,107,4943.16,0
140.98,60,Branch,1,Branch,100,8127.48,0
288.04,68,Branch,1,ATM,63,1748.02,1
800.55,31,Branch,1,ATM,108,9660.22,2
485.54,46,Branch,1,ATM,143,6371.51,0
521.15,54,Branch,1,ATM,214,9442.47,2
321.79,63,ATM,1,ATM,61,5959.2,0
304.93,65,Branch,1,ATM,158,13531.22,2
432.08,40,Branch,1,ATM,145,11500.62,2
694.2,61,Branch,1,ATM,72,1389.37,1
116.86,55,Branch,1,ATM,171,6706.56,0
386.81,57,ATM,1,Online,149,7175.29,0
74.88,25,Branch,1,ATM,202,420.67,1
195.76,75,Branch,1,Branch,99,7323.53,0
134.7,50,Branch,1,ATM,106,8395.85,0
890.24,33,ATM,1,Online,161,5140.93,0
361.27,63,Branch,1,ATM,180,7945.57,0
131.56,44,Branch,1,Branch,42,5873.54,0
485.51,76,ATM,1,Online,37,3074.45,1
547.87,64,Branch,1,ATM,131,6155.76,0
457.3,28,Branch,1,Online,15,8318.29,0
506.24,58,Branch,1,ATM,64,230.09,1
486.59,57,Branch,1,Branch,119,2513.56,1
163.68,41,Branch,1,Branch,292,10090.05,2
581.65,22,Branch,1,ATM,176,480.19,1
52.01,48,Branch,1,ATM,85,1120.88,1
630.24,21,Branch,1,ATM,62,370.81,1
523.74,43,Branch,1,ATM,159,13498.55,2
705.6,40,Branch,3,Branch,124,14804.7,2
217.5,46,ATM,1,Branch,35,3057.4,1
91.48,51,Branch,1,ATM,141,14942.78,2
5.25,39,Branch,1,ATM,49,14143.32,2
54.03,56,ATM,1,ATM,161,6736.3,0
736.73,48,Branch,1,Branch,10,3313.07,1
368.91,54,Branch,1,Branch,14,829.71,1
33.06,53,ATM,1,Online,170,1540.87,1
66.5,32,ATM,1,Online,144,6820.23,0
177.08,35,Branch,1,Online,85,13475.14,2
588.54,32,Branch,1,Branch,130,714.45,1
173.5,21,Branch,1,ATM,282,1306.91,1
78.33,56,ATM,1,Online,189,7255.33,0
40.66,59,Branch,1,Branch,156,1153.84,1
97.22,77,ATM,1,Branch,55,6647.73,0
34.07,22,Branch,1,Branch,81,8709.77,0
492.06,23,Branch,1,Online,74,857.9,1
842.01,53,ATM,1,Online,185,509.45,1
73.55,51,Branch,1,ATM,158,2812.06,1
760.53,57,Branch,1,Online,118,6179.91,0
273.08,26,ATM,1,Branch,134,6609.3,0
371.69,67,Branch,1,Branch,143,3484.32,1
218.96,18,Branch,1,ATM,13,754.21,1
227.39,18,Branch,1,Online,65,751.09,1
237.99,39,ATM,1,Branch,86,8510.09,0
186.6,58,Branch,1,Online,13,1508.72,1
341.15,18,Branch,1,Online,148,511.37,1
434.58,59,Branch,1,ATM,215,12648.32,2
312.88,54,ATM,1,Branch,44,233.21,1
75.15,23,Branch,1,ATM,154,1092.92,1
23.3,59,Branch,1,ATM,161,6711.15,0
47.38,25,ATM,1,Online,61,459.37,1
512.81,79,Branch,1,Branch,30,6994.34,0
488.15,43,Branch,1,Branch,168,7071.09,0
12.82,44,Branch,1,ATM,156,9045.19,0
66.9,79,ATM,4,Online,129,5238.71,0
535.91,43,Branch,1,Online,22,9642.12,2
270.72,26,ATM,1,Online,53,6263.96,0
97.98,72,Branch,1,Branch,18,7460.33,0
196.08,61,Branch,1,Online,98,4233.82,0
251.18,42,Branch,1,ATM,246,8303.9,0
44.52,28,Branch,1,Online,205,314.28,1
178.87,35,Branch,1,Online,180,5241.23,0
1176.28,54,ATM,5,ATM,174,323.69,1
386.68,46,Branch,1,Branch,128,6863.06,0
167.14,76,Branch,1,Online,20,3877.73,1
345.22,69,Branch,1,Branch,253,4046.58,1
74.85,72,Branch,1,ATM,117,2409.73,1
671.73,58,Branch,1,Branch,54,5211.88,0
255.04,45,Branch,1,ATM,152,6217.86,0
45.77,25,Branch,1,Online,109,5978.12,0
329.69,26,ATM,1,Online,66,1671.66,1
362.04,58,ATM,2,Branch,198,8421.88,0
11.92,53,Branch,1,Branch,52,14611.9,2
47.42,64,Branch,1,ATM,28,8253.52,0
35.99,63,Branch,1,Branch,129,4489.79,0
151.19,37,ATM,1,Branch,96,11903.82,2
242.62,22,ATM,1,Online,234,483.02,1
48.72,21,Branch,1,Branch,17,816.08,1
43.46,25,Branch,1,ATM,80,578.06,1
1036.21,25,Branch,1,Online,126,477.3,1
443.79,53,Branch,1,ATM,87,3133.85,1
365.14,68,Branch,1,Online,57,5894.09,0
757.41,22,Branch,1,ATM,37,9532.42,2
20.54,51,Branch,1,Branch,72,5327.03,0
475.36,34,Branch,1,ATM,105,2000.6,1
34.74,56,Branch,1,ATM,24,6827.57,0
689.54,27,Branch,1,Branch,93,1633.76,1
211.18,73,Branch,1,ATM,90,4069.17,0
211.36,51,ATM,1,Branch,286,7943.47,0
744.41,39,ATM,1,Online,107,8842.47,0
61.43,24,Branch,1,Online,170,1882.77,1
167.44,37,Branch,1,Branch,82,12526.71,2
361.46,21,Branch,1,Online,83,4737.84,0
378.85,78,Branch,1,Branch,126,2300.53,1
241.11,30,Branch,1,Branch,55,12385.05,2
131.93,31,ATM,1,Branch,13,4547.06,0
20.28,36,Branch,1,Online,213,2047.83,1
415.88,70,Branch,1,Branch,170,10008.33,2
49.99,62,Branch,1,ATM,139,2299.64,1
1221.65,27,Branch,1,Online,153,243.92,1
100.66,50,Branch,1,Branch,144,14473.33,2
485.54,19,Branch,1,Online,148,1533.32,1
321.15,46,Branch,1,Branch,179,7005.05,0
711.3,21,Branch,1,Branch,51,955.4,1
12.23,42,Branch,1,ATM,139,7844.88,0
350.94,20,Branch,1,ATM,64,221.56,1
301.85,54,Branch,1,Online,25,6586.19,0
29.34,65,Branch,1,Online,30,3944.82,1
231.71,27,Branch,1,Branch,148,1127.98,1
179.43,58,Branch,1,ATM,244,2626.63,1
36.71,48,Branch,1,Branch,55,6459.38,0
138.12,53,ATM,1,Branch,281,1649.69,1
233.24,33,Branch,1,ATM,72,6939.23,0
609.14,39,Branch,1,ATM,177,9033.87,0
436.64,31,Branch,1,Branch,111,14365.18,2
870.43,29,Branch,1,Branch,55,10115.18,2
354.4,74,Branch,1,ATM,128,7358.65,0
22.63,53,Branch,1,Online,112,4438.03,0
182.19,26,Branch,1,Branch,53,1176.1,1
126.81,26,Branch,1,Branch,290,5427.98,0
288.17,37,Branch,1,Online,50,3653.11,1
118.77,55,Branch,1,Branch,123,2104.82,1
651.82,21,Branch,1,ATM,166,1802.77,1
66.65,37,Branch,1,ATM,33,3559.96,1
98.53,69,Branch,1,Branch,166,3564.8,1
138.95,71,Branch,1,Online,30,6752.92,0
33.89,26,Branch,1,Branch,177,1444.75,1
23.71,58,Branch,1,Branch,164,10788.89,2
1830.0,55,Branch,1,Online,238,2235.7,1
26.06,65,Branch,1,ATM,283,12893.63,2
17.07,27,Branch,1,Branch,44,2798.15,1
703.89,46,Branch,1,Online,62,3583.67,1
1271.9,47,Branch,1,ATM,155,2120.8,1
26.55,77,Branch,1,ATM,228,3085.38,1
147.4,42,Branch,1,Branch,259,6797.71,0
202.11,27,Branch,1,ATM,18,746.47,1
308.42,75,Branch,1,Branch,39,5427.81,0
11.18,53,Branch,1,ATM,144,7467.3,0
294.15,38,Branch,1,Online,136,6362.16,0
29.58,54,Branch,1,Branch,121,8345.26,0
139.45,27,Branch,1,Online,31,1305.76,1
432.63,29,Branch,1,ATM,137,13648.36,2
131.43,43,Branch,1,Online,65,1337.5,1
516.72,42,Branch,1,ATM,128,2015.69,1
121.82,69,Branch,3,Online,123,8354.54,0
374.5,26,ATM,1,Branch,178,1671.51,1
166.13,68,Branch,1,ATM,227,11822.53,2
626.9,23,Branch,1,ATM,146,587.11,1
466.85,56,Branch,1,Branch,165,5422.53,0
788.84,58,Branch,1,Online,231,1913.73,1
873.65,37,ATM,1,Online,59,12139.83,2
525.28,69,Branch,1,ATM,134,4693.6,0
110.17,30,Branch,1,ATM,137,464.2,1
632.69,80,Branch,1,ATM,76,4363.74,0
124.35,72,Branch,1,ATM,90,3319.76,1
43.85,62,Branch,1,ATM,122,4356.98,0
283.81,28,Branch,1,Branch,29,1519.35,1
168.53,71,Branch,1,ATM,112,5962.58,0
218.59,40,ATM,1,Branch,123,6699.23,0
132.84,21,Branch,1,ATM,143,822.73,1
157.37,42,ATM,1,Branch,289,13964.31,2
144.77,20,Branch,1,Online,159,867.32,1
643.22,64,Branch,1,ATM,93,1035.86,1
1392.54,41,Branch,1,Branch,297,13347.69,2
208.07,32,Branch,1,Online,36,8478.9,0
94.3,57,Branch,1,Branch,57,11088.95,2
295.5,59,Branch,1,ATM,36,6280.66,0
30.23,44,Branch,1,ATM,99,481.13,1
112.05,26,ATM,1,ATM,159,1122.88,1
180.24,58,Branch,1,Branch,144,8431.23,0
13.71,38,ATM,1,Online,148,8342.79,0
96.54,58,Branch,1,Branch,95,7182.22,0
79.35,67,Branch,1,Online,70,1692.15,1
101.04,27,Branch,1,ATM,160,1695.57,1
74.42,49,Branch,1,Online,68,6264.21,0
39.66,52,Branch,1,Branch,169,8497.34,0
99.36,40,Branch,1,ATM,46,1272.12,1
123.85,56,Branch,1,Online,244,3959.62,1
426.93,19,Branch,1,ATM,248,476.19,1
133.73,25,ATM,1,Online,123,1872.22,1
222.39,49,Branch,1,Online,73,3117.39,1
215.94,22,ATM,1,Online,140,1841.69,1
6.3,80,Branch,5,Branch,283,7697.68,0
826.23,29,Branch,1,ATM,209,7580.59,0
416.37,35,Branch,1,Online,67,7936.91,0
131.46,67,Branch,1,Branch,258,6642.33,0
202.86,61,ATM,1,Branch,149,7642.25,0
268.39,26,Branch,1,ATM,171,136.74,1
194.85,23,Branch,4,Online,130,319.84,1
137.35,40,ATM,1,Online,220,12662.66,2
712.75,44,Branch,1,Branch,25,8126.06,0
353.82,42,Branch,1,ATM,143,705.75,1
507.25,73,Branch,1,Branch,143,5331.57,0
212.74,27,Branch,1,Branch,128,7645.47,0
364.42,51,Branch,1,ATM,146,8119.73,0
195.12,46,Branch,1,ATM,144,6101.15,0
230.61,80,Branch,1,Branch,204,2561.42,1
739.28,58,ATM,1,Branch,47,11905.64,2
390.35,64,ATM,1,ATM,61,7095.88,0
242.03,58,Branch,1,Online,124,4382.73,0
242.39,18,ATM,1,ATM,271,1328.73,1
135.03,23,Branch,1,ATM,180,1278.0,1
83.5,61,Branch,5,Branch,91,1749.79,1
193.54,80,Branch,1,Branch,267,2929.51,1
617.36,29,Branch,1,Branch,61,8926.38,0
775.23,59,ATM,1,Online,38,5977.59,0
266.57,72,Branch,1,ATM,100,7676.92,0
153.4,45,Branch,1,ATM,144,4657.7,0
946.94,53,Branch,1,Branch,251,5579.11,0
5.12,34,Branch,1,Branch,90,3293.01,1
119.11,57,Branch,1,ATM,131,7998.25,0
1096.7,24,Branch,1,Online,147,1093.89,1
119.72,30,Branch,1,Branch,123,3435.34,1
107.4,58,Branch,1,Online,32,344.07,1
115.92,53,Branch,1,ATM,57,3897.17,1
438.04,67,Branch,1,ATM,247,5358.95,0
677.29,27,Branch,1,Online,287,627.79,1
296.0,35,Branch,1,Branch,248,7418.82,0
299.09,36,ATM,1,Branch,84,5615.26,0
461.52,24,ATM,1,Branch,44,1995.18,1
100.52,50,Branch,1,ATM,110,453.39,1
85.35,66,Branch,1,ATM,166,2173.76,1
79.76,39,Branch,1,Branch,170,6452.14,0
778.49,75,ATM,1,Online,107,7713.67,0
386.38,42,Branch,1,Online,135,5528.36,0
165.25,35,Branch,1,Online,106,9939.94,2
14.29,34,Branch,1,ATM,150,7016.99,0
232.79,55,ATM,1,Branch,145,2661.3,1
1237.56,60,ATM,1,Branch,159,9410.17,2
92.29,54,Branch,1,Branch,115,2026.32,1
293.97,68,Branch,1,Branch,153,7371.85,0
136.32,19,Branch,1,Online,113,264.83,1
251.06,36,Branch,1,Online,34,10001.66,2
50.17,77,ATM,1,ATM,35,7752.14,0
21.4,34,Branch,1,Branch,258,9594.11,2
73.28,21,Branch,1,Branch,21,1329.41,1
70.23,38,Branch,1,ATM,260,11624.93,2
689.29,22,Branch,1,ATM,100,168.84,1
745.03,28,Branch,1,Online,231,160.57,1
54.61,58,Branch,1,ATM,160,7135.64,0
54.05,27,Branch,1,Branch,146,469.14,1
107.47,67,Branch,1,Online,144,7517.5,0
611.11,20,Branch,4,ATM,282,919.84,1
219.63,48,Branch,1,ATM,44,8013.63,0
188.7,54,Branch,1,Branch,123,5077.06,0
93.52,51,Branch,1,Online,97,2791.2,1
275.92,62,ATM,1,Branch,107,1777.38,1
376.79,68,Branch,1,Branch,265,7749.14,0
8.98,66,Branch,1,Online,56,4516.76,0
697.32,68,Branch,1,Online,91,2016.02,1
17.45,18,Branch,1,ATM,88,1959.52,1
302.16,80,Branch,5,Online,138,3876.61,1
442.74,23,Branch,1,Branch,136,1790.27,1
623.9,27,Branch,1,ATM,249,711.47,1
445.41,35,Branch,3,ATM,235,12154.66,2
63.41,26,Branch,1,ATM,36,1546.22,1
346.85,44,Branch,1,ATM,88,7208.15,0
71.95,59,ATM,1,Online,53,9267.32,2
7.5,63,Branch,1,Online,36,6485.78,0
206.46,65,Branch,1,ATM,279,3984.38,1
423.11,60,Branch,1,ATM,47,412.78,1
35.84,54,ATM,1,Online,172,4795.65,0
88.6,28,ATM,1,Branch,105,246.57,1
1431.3,18,Branch,1,ATM,168,1058.13,1
53.81,55,ATM,2,ATM,37,2564.62,1
22.46,54,Branch,1,Online,78,6631.5,0
334.89,21,Branch,1,Online,260,1661.68,1
319.27,54,ATM,1,Online,59,5504.01,0
144.3,18,Branch,1,ATM,88,312.19,1
348.7,69,ATM,1,Branch,149,2445.58,1
366.21,62,Branch,1,ATM,181,10862.99,2
99.11,55,Branch,1,Online,12,5414.87,0
539.35,55,Branch,1,ATM,127,3919.44,1
188.99,58,Branch,1,Branch,92,7315.34,0
1416.69,46,Branch,1,ATM,58,3740.73,1
710.14,26,Branch,1,ATM,227,465.63,1
308.68,53,Branch,1,Online,170,9992.36,2
166.68,57,Branch,1,ATM,139,5141.19,0
0.99,45,Branch,1,ATM,133,4317.85,0
505.19,30,Branch,5,ATM,128,5326.68,0
66.58,23,Branch,1,Branch,79,1636.32,1
223.43,77,Branch,1,Branch,178,7932.41,0
659.95,60,Branch,1,Online,114,3927.69,1
634.86,27,Branch,1,ATM,45,588.5,1
286.5,30,ATM,1,Branch,60,8517.95,0
322.96,76,ATM,1,Branch,168,2401.59,1
654.48,19,Branch,1,Branch,114,6776.41,0
157.97,48,Branch,1,Branch,140,5529.92,0
120.9,40,Branch,1,Branch,52,9009.42,0
254.77,57,Branch,1,Branch,57,5994.87,0
795.96,65,Branch,1,Online,119,5468.58,0
149.25,39,Branch,1,ATM,142,5677.52,0
3.42,43,ATM,1,Online,158,14180.21,2
68.19,40,ATM,1,Online,189,9895.1,2
493.42,39,Branch,1,Branch,111,2232.84,1
37.57,57,Branch,1,ATM,42,7739.54,0
127.0,19,ATM,5,Branch,68,431.16,1
96.89,59,Branch,1,ATM,53,6044.93,0
448.33,25,Branch,1,ATM,161,922.19,1
1116.48,51,Branch,1,ATM,55,447.53,1
8.65,48,Branch,1,Online,273,10778.35,2
65.57,41,Branch,1,Online,82,7513.79,0
539.81,46,Branch,1,Online,177,2051.25,1
363.53,63,Branch,1,ATM,142,1038.91,1
64.9,51,ATM,1,Branch,72,6854.61,0
358.18,18,Branch,1,ATM,157,619.86,1
167.2,30,Branch,1,Branch,84,11320.83,2
121.91,60,Branch,1,Branch,133,14510.8,2
137.57,54,Branch,1,Online,70,5103.67,0
534.62,55,Branch,1,Online,45,13793.53,2
463.92,50,Branch,1,Online,199,2403.39,1
320.14,60,Branch,1,Online,96,3075.97,1
214.93,28,Branch,1,Online,52,7835.4,0
660.02,20,Branch,1,Branch,84,414.43,1
345.81,40,Branch,1,Branch,135,6116.8,0
143.54,71,Branch,1,ATM,80,6067.62,0
42.55,53,Branch,1,Branch,29,7341.43,0
1063.25,21,ATM,1,Online,128,1240.71,1
541.79,22,Branch,1,ATM,125,1454.08,1
40.57,26,Branch,1,Branch,63,1476.91,1
120.24,18,Branch,2,Branch,131,1943.13,1
498.67,28,Branch,1,Online,244,1719.97,1
227.22,53,Branch,1,ATM,220,832.82,1
1182.86,30,Branch,1,Online,34,7696.16,0
56.94,76,ATM,1,Online,74,7004.63,0
629.82,68,Branch,1,ATM,159,6385.69,0
59.44,35,Branch,1,Online,176,5472.03,0
186.69,30,Branch,1,Branch,54,8602.22,0
230.46,19,Branch,1,Online,179,162.53,1
65.09,44,ATM,1,Online,159,9370.9,2
457.09,55,ATM,1,Online,63,8570.82,0
552.02,44,ATM,1,ATM,100,522.08,1
377.12,34,Branch,1,ATM,61,836.67,1
204.56,18,ATM,1,Branch,179,364.72,1
420.28,35,Branch,1,Branch,144,8557.32,0
97.09,24,Branch,4,ATM,202,1579.57,1
124.59,27,Branch,1,Branch,171,129.29,1
73.88,39,Branch,1,Online,34,6474.41,0
77.43,21,Branch,1,Online,169,1380.21,1
106.16,56,Branch,4,ATM,277,7487.79,0
245.93,54,Branch,1,Branch,172,7986.63,0
622.41,64,Branch,1,ATM,125,7322.01,0
43.73,34,Branch,1,ATM,145,9929.43,2
1282.86,19,Branch,1,Branch,68,1830.98,1
2.03,33,ATM,1,ATM,28,3012.31,1
770.65,31,Branch,1,Online,137,7198.8,0
260.31,63,Branch,1,Branch,113,10980.38,2
356.1,26,ATM,1,Branch,187,868.35,1
27.07,80,ATM,1,Branch,39,3773.29,1
119.89,67,Branch,1,ATM,60,6697.77,0
106.39,37,Branch,1,Online,281,9410.99,2
12.04,37,Branch,1,Online,58,6213.32,0
365.7,21,Branch,2,Branch,115,368.78,1
29.38,28,ATM,1,Branch,63,1663.31,1
319.85,60,Branch,1,ATM,148,711.66,1
350.14,75,ATM,1,Online,38,2403.25,1
163.94,52,ATM,1,Branch,73,5957.37,0
170.53,24,Branch,1,Branch,58,801.01,1
262.22,40,ATM,1,ATM,136,5711.71,0
41.49,24,Branch,1,Online,13,928.33,1
121.43,52,ATM,1,Branch,243,7365.28,0
350.46,51,Branch,1,Branch,165,5839.38,0
220.41,26,ATM,1,Online,155,5116.98,0
33.46,72,Branch,1,ATM,111,3641.07,1
104.79,70,Branch,1,ATM,223,1352.19,1
246.27,29,Branch,1,Online,141,7299.86,0
48.85,19,Branch,1,ATM,176,1503.56,1
332.0,69,Branch,1,ATM,17,5943.13,0
118.1,54,Branch,1,Online,167,895.66,1
84.59,67,ATM,1,Branch,10,5669.1,0
295.64,21,Branch,1,Online,82,1061.96,1
514.33,25,Branch,1,Branch,160,1592.94,1
992.17,43,Branch,1,ATM,169,6215.96,0
94.59,39,Branch,1,Online,34,6171.89,0
80.43,59,Branch,1,Branch,157,5987.67,0
54.25,68,Branch,1,Online,37,14783.33,2
178.88,76,ATM,4,Branch,93,4708.29,0
518.85,22,Branch,1,Online,82,1806.0,1
10.65,54,Branch,1,Online,161,13240.72,2
198.62,27,ATM,1,Branch,84,1196.07,1
107.03,27,Branch,1,Branch,73,1408.07,1
139.57,19,Branch,3,ATM,263,271.78,1
312.47,49,Branch,4,ATM,148,9419.27,2
346.11,41,Branch,1,Branch,213,9551.64,2
138.06,44,Branch,1,Branch,159,1070.47,1
158.02,49,Branch,1,ATM,120,9374.24,2
830.01,66,ATM,1,Online,96,4253.18,0
435.5,55,Branch,1,ATM,112,6981.03,0
110.49,57,Branch,1,Online,48,10483.93,2
329.4,34,Branch,1,Online,68,9588.07,2
635.4,47,Branch,1,ATM,106,1238.11,1
769.97,22,Branch,1,Branch,23,1244.93,1
175.07,26,Branch,1,Branch,169,1040.25,1
7.31,78,Branch,1,Branch,282,5757.67,0
175.15,27,Branch,1,ATM,32,1712.65,1
32.54,25,Branch,4,Online,183,1544.88,1
121.82,60,Branch,1,Online,119,13293.83,2
56.12,30,Branch,1,ATM,102,8839.67,0
424.7,56,ATM,1,Online,178,6239.89,0
35.16,32,Branch,1,Branch,130,8459.18,0
35.73,65,Branch,1,Branch,87,9073.17,0
3.44,78,Branch,1,ATM,108,7561.33,0
1342.25,21,ATM,1,Branch,235,694.03,1
139.03,50,ATM,1,Online,81,2276.57,1
254.92,28,ATM,1,ATM,169,2791.12,1
115.11,28,Branch,1,Online,139,9808.97,2
171.11,57,Branch,1,ATM,171,6324.09,0
168.54,70,Branch,2,ATM,142,13406.0,2
420.76,51,Branch,1,Branch,76,6581.55,0
408.46,64,Branch,1,Branch,28,3140.79,1
1162.42,30,ATM,1,Online,45,10357.26,2
342.17,21,ATM,1,Branch,247,461.83,1
580.71,53,Branch,1,ATM,95,5670.0,0
821.54,79,ATM,1,Branch,36,4040.32,1
253.47,20,Branch,1,Branch,238,220.51,1
22.81,62,Branch,1,Online,75,3634.76,1
266.57,39,ATM,1,Online,96,7180.48,0
374.61,75,ATM,1,Online,37,1389.71,1
339.35,78,ATM,1,ATM,70,5002.7,0
810.36,20,Branch,1,ATM,67,9239.12,2
9.83,24,Branch,1,ATM,86,666.42,1
135.57,51,ATM,1,Branch,116,11351.64,2
340.05,43,Branch,1,ATM,37,7234.15,0
283.45,27,Branch,1,Branch,127,2049.51,1
100.99,68,Branch,1,ATM,114,8865.27,0
90.88,18,Branch,1,Branch,176,3908.47,1
655.15,26,Branch,1,ATM,264,5587.44,0
320.55,50,Branch,1,Online,118,438.75,1
41.51,28,Branch,1,Online,48,609.6,1
71.53,68,ATM,1,Branch,39,2393.73,1
467.13,54,ATM,1,Branch,45,3914.84,1
235.4,28,Branch,1,Branch,70,818.36,1
159.32,18,Branch,1,Branch,100,304.44,1
50.83,30,ATM,1,Online,48,9553.42,2
56.89,59,ATM,1,Branch,56,3034.67,1
20.22,43,Branch,1,ATM,138,5515.32,0
50.4,36,Branch,1,Branch,84,1677.01,1
73.88,53,Branch,1,Branch,131,4055.55,1
119.61,33,Branch,1,ATM,53,9899.94,2
1241.05,18,Branch,1,Branch,129,756.74,1
116.58,43,Branch,1,Branch,247,2620.74,1
1919.11,30,Branch,1,ATM,161,11090.24,2
391.96,64,Branch,1,ATM,79,2174.16,1
156.26,46,ATM,1,Branch,160,7854.1,0
427.0,49,ATM,1,Branch,163,8253.65,0
443.68,18,Branch,1,ATM,137,874.15,1
101.76,31,Branch,1,Branch,26,6043.25,0
67.57,37,Branch,1,Branch,107,2766.12,1
326.29,56,Branch,1,Online,179,8171.26,0
158.56,33,Branch,1,ATM,100,5401.21,0
56.02,27,Branch,1,Online,142,3548.02,1
288.28,27,Branch,1,Online,36,160.83,1
245.67,24,ATM,1,Branch,107,752.25,1
152.18,39,ATM,4,Online,176,2459.84,1
114.35,41,ATM,1,Branch,21,469.12,1
373.27,61,ATM,1,Online,79,8441.61,0
504.63,60,Branch,1,Online,168,3806.16,1
126.22,46,Branch,4,ATM,77,6133.41,0
820.15,47,Branch,1,Branch,181,8802.97,0
986.81,68,ATM,1,Online,127,14881.77,2
8.37,63,Branch,1,ATM,135,1106.34,1
197.49,53,ATM,1,Online,30,5005.33,0
637.97,58,Branch,1,Branch,90,7949.03,0
13.52,26,Branch,1,ATM,65,259.77,1
432.1,49,Branch,1,ATM,240,2114.3,1
375.17,51,Branch,2,ATM,66,5495.3,0
642.68,50,Branch,1,Branch,94,8461.46,0
78.44,52,ATM,1,Online,292,6870.84,0
139.72,49,Branch,1,Branch,201,5058.83,0
499.99,31,Branch,1,Branch,296,8885.0,0
10.07,24,Branch,1,Online,49,530.81,1
120.62,23,Branch,1,ATM,85,9379.53,2
578.49,59,Branch,1,Branch,180,6475.13,0
119.3,34,Branch,5,Branch,22,319.04,1
280.92,41,Branch,1,Online,168,5298.85,0
42.42,21,Branch,1,Online,102,490.57,1
77.03,67,Branch,1,ATM,259,11310.27,2
22.59,62,Branch,1,ATM,45,3988.75,1
568.76,51,Branch,1,ATM,155,7484.32,0
25.94,58,ATM,5,Online,211,4815.11,0
105.94,51,Branch,1,Branch,207,5963.1,0
733.29,52,Branch,5,ATM,94,10427.0,2
350.15,21,ATM,1,ATM,195,296.47,1
1151.18,65,Branch,1,ATM,105,1100.06,1
183.67,19,Branch,1,Online,238,910.26,1
278.27,29,Branch,1,Branch,123,6684.34,0
470.3,40,Branch,1,ATM,88,8524.09,0
261.69,53,Branch,1,ATM,84,5126.65,0
365.04,22,Branch,1,Branch,94,873.89,1
211.1,57,Branch,1,Branch,136,7059.77,0
21.49,58,Branch,1,ATM,240,11991.24,2
63.58,18,Branch,1,ATM,199,8086.04,0
321.86,63,Branch,1,ATM,167,12626.49,2
12.11,75,Branch,1,Branch,127,1730.28,1
642.54,44,Branch,1,Branch,28,3143.17,1
210.45,27,Branch,1,ATM,146,1242.49,1
313.65,55,ATM,1,Branch,173,1886.36,1
99.76,26,Branch,1,Branch,131,416.89,1
115.32,53,Branch,1,Branch,113,5929.08,0
33.61,23,Branch,1,Online,72,479.08,1
498.59,33,ATM,1,Online,32,5862.99,0
98.81,27,Branch,1,Branch,91,797.1,1
1.87,65,Branch,1,ATM,147,7287.94,0
78.92,59,ATM,1,Online,95,5624.86,0
194.29,39,ATM,1,Branch,10,2988.41,1
28.73,53,Branch,1,ATM,185,2712.96,1
105.53,24,Branch,1,Online,88,1433.66,1
737.34,30,Branch,1,Online,34,7336.56,0
237.86,18,Branch,1,ATM,210,475.63,1
409.61,65,Branch,1,Branch,89,11698.15,2
75.53,21,ATM,1,Online,157,1034.35,1
72.75,64,Branch,1,ATM,15,12042.79,2
39.11,26,Branch,1,Online,143,518.54,1
1309.79,23,Branch,1,ATM,139,1258.93,1
729.38,68,Branch,1,ATM,90,9127.65,2
137.49,34,Branch,1,ATM,50,4471.05,0
504.71,29,Branch,1,Online,61,6214.54,0
371.47,24,ATM,1,Branch,58,1187.04,1
430.35,36,Branch,1,Online,205,354.9,1
230.32,35,Branch,1,Branch,56,791.46,1
121.71,52,Branch,1,ATM,140,5878.89,0
98.87,20,Branch,1,Online,179,533.2,1
117.55,24,Branch,1,ATM,35,897.94,1
244.64,30,Branch,1,Branch,103,9159.56,2
321.93,45,Branch,1,ATM,12,4392.73,0
1092.73,58,Branch,1,Branch,11,1390.98,1
283.23,40,Branch,1,Online,98,2008.77,1
346.65,30,Branch,1,Online,60,6356.96,0
381.62,64,Branch,1,Online,164,6009.12,0
388.65,76,Branch,1,ATM,43,7896.85,0
29.22,24,Branch,1,ATM,151,1649.43,1
46.75,67,Branch,1,Branch,150,2840.43,1
348.64,57,Branch,1,Online,128,3274.96,1
319.17,73,Branch,1,Online,81,6501.56,0
73.95,26,Branch,1,ATM,76,363.92,1
389.63,27,Branch,1,Online,99,9748.48,2
217.61,19,Branch,1,ATM,45,1404.53,1
199.84,21,Branch,1,ATM,150,706.44,1
56.35,44,Branch,1,ATM,75,5095.73,0
248.95,65,ATM,1,Branch,29,3059.79,1
142.58,33,Branch,1,ATM,145,7844.23,0
1020.73,28,Branch,1,ATM,87,1119.61,1
84.34,58,Branch,3,Online,248,5313.97,0
1607.55,31,Branch,1,ATM,156,6227.99,0
333.78,60,Branch,1,ATM,98,6810.94,0
332.59,55,Branch,1,Online,143,1457.07,1
236.81,22,Branch,1,Branch,15,813.68,1
417.8,27,ATM,1,Branch,130,1518.82,1
319.27,50,Branch,1,ATM,150,10269.78,2
384.1,42,Branch,1,Branch,172,672.79,1
820.62,61,ATM,1,Branch,158,6024.8,0
474.77,56,ATM,1,Online,50,2158.59,1
542.72,43,ATM,1,Branch,92,6011.8,0
79.8,73,Branch,1,ATM,76,6372.58,0
46.24,57,Branch,1,Branch,52,2569.56,1
327.8,61,Branch,1,ATM,54,10585.48,2
445.79,52,Branch,1,ATM,161,717.99,1
55.89,72,Branch,1,Online,150,3689.65,1
158.41,28,Branch,1,Branch,16,1512.16,1
101.19,64,ATM,1,Online,75,14389.45,2
827.14,36,Branch,4,Branch,265,9800.21,2
61.97,74,Branch,1,ATM,95,7014.69,0
27.21,79,Branch,1,ATM,102,3520.61,1
173.74,80,Branch,1,Online,64,4913.42,0
176.11,38,Branch,1,Branch,105,9155.35,2
88.4,46,Branch,1,Online,174,2567.53,1
567.92,53,Branch,1,Online,14,3779.47,1
138.11,68,ATM,1,Online,104,4177.65,0
456.93,28,ATM,1,Branch,193,7284.76,0
101.42,66,Branch,1,Online,146,6530.59,0
300.61,44,Branch,1,Online,51,7895.54,0
265.94,54,Branch,1,Online,132,6781.3,0
345.54,29,Branch,1,Online,50,2091.78,1
411.52,41,Branch,1,ATM,88,11108.39,2
111.21,35,Branch,1,Branch,111,9088.36,0
316.37,53,Branch,1,ATM,86,4671.69,0
260.63,37,Branch,1,Branch,142,7534.73,0
92.36,29,Branch,1,ATM,144,6353.14,0
262.06,63,Branch,1,Branch,118,13587.52,2
64.5,74,Branch,1,ATM,230,1351.24,1
253.55,28,Branch,5,ATM,85,2797.26,1
408.28,21,ATM,3,Branch,125,1222.77,1
175.94,57,Branch,1,ATM,89,3728.04,1
199.47,57,Branch,1,Online,142,6067.44,0
51.07,63,Branch,1,Branch,133,4292.16,0
435.86,56,Branch,1,ATM,134,3801.82,1
74.73,64,ATM,1,Branch,162,6353.22,0
182.79,23,ATM,1,Online,14,1251.85,1
628.36,44,Branch,1,Online,108,11869.71,2
268.39,29,Branch,1,Online,177,9409.43,2
362.27,80,Branch,1,ATM,47,6003.59,0
560.15,50,ATM,1,Online,92,817.83,1
351.99,80,Branch,2,ATM,45,3663.64,1
132.36,28,Branch,1,Branch,160,319.65,1
24.77,40,ATM,1,Online,17,478.23,1
668.67,44,Branch,4,Online,143,13446.81,2
80.24,53,ATM,1,Branch,58,8012.81,0
8.65,68,Branch,1,ATM,198,4201.22,0
178.91,18,Branch,1,ATM,19,8870.89,0
115.22,27,Branch,1,Branch,108,906.2,1
161.63,46,Branch,1,Online,276,9286.37,2
542.75,70,ATM,1,Branch,63,2224.08,1
317.47,67,ATM,1,Online,16,14639.28,2
280.99,45,Branch,1,Branch,29,9733.59,2
24.19,29,Branch,1,ATM,28,2756.2,1
586.85,36,Branch,1,ATM,86,6655.15,0
372.41,55,Branch,1,ATM,143,3233.87,1
63.17,20,Branch,1,ATM,148,1676.57,1
383.69,54,Branch,1,Online,285,8371.11,0
247.17,65,ATM,1,Branch,149,2611.64,1
48.78,18,ATM,1,Branch,136,552.06,1
4.15,60,ATM,1,Branch,119,6017.36,0
60.99,34,Branch,1,Branch,58,7281.46,0
408.19,26,Branch,1,Branch,241,6847.47,0
524.6,58,Branch,1,Branch,76,13017.7,2
108.96,26,Branch,1,ATM,247,7597.66,0
70.03,63,Branch,1,Branch,49,7330.31,0
124.84,52,Branch,1,Online,79,6711.78,0
324.04,54,Branch,1,ATM,30,2248.06,1
39.69,70,Branch,1,Online,163,3524.68,1
157.7,58,ATM,1,Branch,46,8332.58,0
81.27,22,ATM,1,Online,68,1814.48,1
193.82,37,Branch,1,Branch,176,3886.77,1
16.73,79,Branch,1,Online,165,7591.13,0
474.05,57,Branch,1,ATM,214,1484.31,1
39.21,66,Branch,4,ATM,245,9385.57,2
637.75,79,Branch,1,Branch,152,4202.92,0
153.59,66,ATM,1,Branch,174,4813.12,0
186.6,18,Branch,1,Branch,139,9716.68,2
644.08,24,Branch,1,Online,55,1980.62,1
226.66,41,Branch,1,Branch,168,10216.25,2
305.0,22,Branch,1,ATM,222,944.83,1
233.1,42,ATM,1,Branch,37,7469.2,0
793.13,68,Branch,1,Online,76,13389.16,2
224.19,52,Branch,1,ATM,93,8475.47,0
214.83,23,ATM,1,ATM,63,991.69,1
163.46,63,ATM,1,Branch,111,6953.8,0
194.99,34,Branch,1,Branch,91,1370.03,1
23.4,46,Branch,4,ATM,175,14851.28,2
227.5,34,Branch,1,Online,277,11505.35,2
259.9,26,Branch,1,Online,100,914.28,1
59.51,36,ATM,1,Online,55,9955.88,2
50.63,64,Branch,1,Online,143,4732.81,0
1074.95,20,Branch,1,Branch,91,530.86,1
112.94,73,ATM,1,Online,31,3807.84,1
11.81,21,Branch,1,ATM,131,320.25,1
329.14,55,Branch,1,Branch,14,12033.92,2
154.24,61,Branch,1,ATM,82,6109.55,0
233.44,20,Branch,1,Online,297,1691.88,1
141.8,18,Branch,1,ATM,116,1697.67,1
209.03,55,Branch,1,Branch,126,8359.5,0
1137.63,26,Branch,1,ATM,144,1629.12,1
261.14,42,Branch,1,ATM,162,6100.08,0
101.81,45,Branch,1,ATM,105,13872.03,2
98.71,32,Branch,1,ATM,117,10095.23,2
87.38,21,Branch,1,Branch,252,1504.99,1
83.39,32,Branch,1,Branch,158,13182.11,2
267.55,46,Branch,1,Online,40,4330.04,0
870.05,29,Branch,1,ATM,39,905.25,1
154.32,38,ATM,1,ATM,269,6972.5,0
164.51,78,Branch,1,Branch,110,3553.69,1
758.12,69,Branch,1,ATM,90,6164.65,0
103.76,28,Branch,1,Online,188,9626.14,2
583.92,55,Branch,1,Online,139,6364.14,0
204.06,77,Branch,1,Online,159,4351.83,0
53.51,56,Branch,1,Online,165,5773.5,0
1108.46,30,Branch,1,Branch,262,9257.04,2
52.95,68,ATM,1,Online,14,6335.58,0
120.17,49,Branch,1,ATM,105,5403.79,0
220.8,31,Branch,1,Online,28,8135.31,0
119.01,45,Branch,1,ATM,87,9798.26,2
183.32,21,Branch,1,ATM,74,137.42,1
858.88,60,Branch,1,Online,227,7015.46,0
11.46,41,ATM,1,Online,128,2356.71,1
61.37,75,Branch,1,Branch,164,4294.44,0
103.08,49,ATM,1,Branch,150,9251.38,2
1.21,55,Branch,1,Branch,196,7542.74,0
425.18,26,ATM,1,Online,172,9880.71,2
60.96,52,Branch,1,ATM,238,6189.24,0
64.21,51,Branch,1,ATM,37,12540.18,2
523.02,53,Branch,1,Online,83,4586.11,0
50.26,65,Branch,1,Branch,164,1519.38,1
110.08,19,Branch,1,Branch,95,1447.26,1
54.47,23,ATM,1,Branch,34,1131.42,1
79.76,68,Branch,1,Online,115,10278.75,2
16.79,30,ATM,1,Online,146,535.15,1
1531.31,18,Branch,4,Online,62,859.86,1
68.62,29,Branch,1,Branch,157,13891.47,2
157.16,20,Branch,1,Branch,280,1545.77,1
643.38,18,ATM,1,Online,105,1046.74,1
328.34,42,ATM,1,Online,31,2840.45,1
72.68,69,Branch,1,Online,44,6216.77,0
354.76,51,Branch,1,Branch,279,10141.92,2
793.88,22,ATM,1,ATM,252,1404.06,1
29.22,27,Branch,1,ATM,69,7795.79,0
653.97,37,Branch,1,Online,100,3886.65,1
366.43,21,ATM,1,Online,92,1560.45,1
120.86,33,Branch,4,Online,162,13566.58,2
233.74,72,Branch,1,Online,142,4749.54,0
471.84,18,Branch,1,ATM,138,1044.33,1
213.4,73,ATM,1,Branch,100,2012.24,1
254.21,48,Branch,1,ATM,46,2487.2,1
577.73,37,Branch,1,ATM,63,14977.99,2
170.26,27,Branch,1,ATM,265,1969.48,1
337.73,78,Branch,4,Online,107,7001.2,0
330.61,64,ATM,1,Branch,113,2525.25,1
132.33,35,ATM,1,ATM,47,7457.94,0
672.74,46,ATM,1,Branch,118,5386.52,0
74.04,18,Branch,1,Online,66,1690.23,1
197.18,28,Branch,1,Online,135,3114.92,1
21.15,70,Branch,1,Branch,180,3466.74,1
218.37,62,Branch,1,ATM,105,9942.24,2
590.01,29,Branch,3,Online,140,9791.74,2
697.82,44,Branch,1,Online,153,6824.0,0
302.76,38,Branch,3,ATM,88,8583.39,0
148.0,20,Branch,1,Branch,35,1488.65,1
22.26,19,Branch,1,Branch,56,5583.88,0
0.86,25,Branch,1,ATM,139,1357.22,1
757.1,65,Branch,1,Branch,203,10553.23,2
38.81,25,ATM,1,Online,145,1619.6,1
76.51,49,ATM,4,Online,120,9475.4,2
32.46,31,Branch,1,Online,10,8656.18,0
1022.75,62,ATM,1,Branch,158,207.74,1
20.64,22,Branch,1,Branch,59,949.38,1
662.11,23,Branch,1,Branch,219,1996.38,1
288.77,55,Branch,1,ATM,110,8836.51,0
35.05,30,Branch,1,Branch,105,14330.47,2
214.73,46,ATM,1,ATM,26,5368.42,0
25.38,57,Branch,1,Branch,66,8616.05,0
617.66,41,Branch,1,ATM,40,5906.58,0
446.39,63,Branch,1,ATM,77,7863.6,0
377.92,33,Branch,1,Branch,204,2254.71,1
11.04,30,Branch,1,Online,43,6983.04,0
275.46,36,Branch,1,ATM,67,9697.75,2
179.76,78,Branch,1,Online,81,5909.52,0
32.34,44,Branch,1,Branch,45,7847.62,0
273.92,79,Branch,1,Branch,109,4543.56,0
375.45,19,Branch,1,Branch,32,1307.23,1
388.98,23,Branch,1,ATM,155,1819.91,1
492.84,25,Branch,1,ATM,38,577.67,1
148.85,57,Branch,1,ATM,25,7802.36,0
119.95,62,ATM,5,Branch,47,2596.61,1
391.66,50,Branch,1,Branch,103,2406.31,1
185.99,41,ATM,1,Branch,53,402.45,1
322.48,27,Branch,1,ATM,57,1238.43,1
20.27,18,Branch,1,Branch,22,796.35,1
280.61,47,Branch,3,ATM,129,7888.76,0
199.02,61,Branch,1,ATM,269,4658.89,0
104.23,63,ATM,1,Online,108,5009.29,0
353.59,52,ATM,5,Branch,109,1822.34,1
55.86,39,Branch,1,Online,68,5346.46,0
10.77,31,Branch,1,ATM,178,10704.95,2
95.55,33,Branch,1,Branch,51,2434.74,1
477.07,27,Branch,1,Online,278,6568.07,0
9.1,52,ATM,1,Online,63,2791.45,1
21.41,57,Branch,1,Online,99,658.91,1
278.28,28,Branch,1,Branch,26,1346.88,1
388.1,73,ATM,1,Online,40,3022.12,1
215.39,27,Branch,1,ATM,216,1582.55,1
194.37,66,Branch,1,ATM,161,14395.88,2
37.7,20,Branch,1,ATM,109,1741.1,1
19.59,64,Branch,1,Branch,122,1061.69,1
81.35,41,Branch,1,Online,103,7192.45,0
314.54,58,ATM,1,Branch,228,9923.45,2
466.64,58,Branch,1,ATM,11,10915.11,2
397.01,22,Branch,1,ATM,100,719.52,1
472.48,55,Branch,1,Branch,87,7128.82,0
67.15,59,Branch,1,Online,14,9028.49,0
102.67,79,Branch,1,Branch,119,4656.94,0
460.09,35,ATM,3,Online,146,6990.64,0
453.49,66,Branch,1,Branch,147,6366.43,0
267.17,26,Branch,1,ATM,170,1382.62,1
111.26,66,Branch,1,ATM,43,14350.11,2
121.17,68,Branch,1,ATM,158,12990.77,2
213.28,51,Branch,1,Branch,94,4835.91,0
187.88,60,Branch,1,ATM,180,2154.58,1
471.88,34,ATM,1,Online,141,14833.34,2
83.79,57,Branch,1,ATM,47,5061.3,0
212.14,72,Branch,1,Branch,105,7225.06,0
99.16,79,Branch,1,Online,202,2607.58,1
839.33,60,ATM,1,Branch,86,11538.97,2
29.91,76,ATM,3,Online,43,2834.84,1
4.24,38,Branch,1,Online,38,7822.73,0
50.29,58,ATM,1,Online,64,7604.9,0
135.85,57,Branch,1,Online,269,1480.39,1
368.53,68,Branch,1,Branch,34,13696.31,2
17.95,64,ATM,1,Branch,135,12344.9,2
127.8,31,ATM,1,Branch,47,8630.99,0
16.73,45,Branch,1,Online,48,2202.62,1
317.12,44,Branch,1,Branch,80,14409.74,2
476.63,79,Branch,1,ATM,115,4894.25,0
156.58,24,Branch,1,Branch,160,8981.61,0
55.12,34,ATM,1,Online,261,3791.99,1
15.74,27,Branch,1,Branch,38,690.16,1
353.68,70,Branch,1,Online,145,6777.12,0
297.15,76,Branch,1,Online,178,5449.37,0
647.85,36,Branch,1,Branch,121,13779.97,2
75.04,49,Branch,1,ATM,178,9648.6,2
273.92,28,Branch,1,Online,35,1029.15,1
215.8,51,ATM,1,Branch,66,3656.62,1
963.77,41,Branch,1,ATM,248,6710.51,0
420.6,26,Branch,1,Branch,55,1778.75,1
688.36,23,ATM,1,Branch,22,5191.13,0
285.18,55,ATM,1,Branch,150,14847.97,2
213.55,63,Branch,1,ATM,15,5238.37,0
463.11,51,ATM,1,Branch,159,10238.82,2
150.03,73,Branch,1,ATM,176,7491.42,0
428.61,51,Branch,1,Branch,131,2116.36,1
309.56,58,Branch,1,Online,147,972.04,1
377.08,26,ATM,1,Branch,71,6430.86,0
77.25,68,Branch,1,Branch,157,14077.97,2
146.92,64,Branch,1,ATM,272,3990.6,1
126.6,22,Branch,1,Branch,146,961.65,1
101.34,24,Branch,1,ATM,46,703.26,1
184.97,58,Branch,1,Branch,268,1156.67,1
451.15,46,Branch,1,ATM,175,1356.47,1
516.47,25,ATM,1,ATM,94,1305.06,1
880.04,25,Branch,1,ATM,29,261.97,1
353.69,59,Branch,1,Online,163,9500.79,2
66.69,25,ATM,1,Branch,140,1210.33,1
95.75,31,Branch,1,Branch,169,337.62,1
43.91,27,Branch,1,Online,86,1806.68,1
98.03,54,Branch,1,Branch,165,6323.45,0
617.66,42,Branch,1,ATM,128,7155.95,0
888.57,62,Branch,1,Online,102,7896.14,0
107.48,22,Branch,1,Branch,129,591.23,1
36.57,62,Branch,1,ATM,69,2583.07,1
575.62,43,Branch,1,Online,129,234.41,1
84.89,37,Branch,1,ATM,70,4735.61,0
832.3,69,ATM,1,Branch,86,6617.52,0
180.65,22,Branch,5,Branch,38,816.01,1
7.76,52,ATM,1,Online,84,7393.11,0
109.3,56,Branch,1,Branch,27,13510.11,2
230.08,79,Branch,1,Online,124,4466.1,0
361.92,54,Branch,1,ATM,111,7474.31,0
71.29,68,Branch,2,ATM,55,7225.63,0
122.45,46,Branch,1,Branch,98,7255.49,0
642.53,65,Branch,1,ATM,128,11417.91,2
62.86,25,Branch,1,Branch,31,1040.43,1
175.21,69,ATM,1,ATM,69,6039.04,0
168.0,32,ATM,1,Branch,11,3498.58,1
11.46,67,Branch,1,Online,73,6628.75,0
382.07,62,ATM,1,Branch,147,10156.09,2
13.48,18,Branch,3,Online,20,521.88,1
65.32,28,Branch,1,ATM,54,9165.02,2
83.07,27,Branch,4,Branch,291,6704.76,0
730.1,77,ATM,1,Branch,93,6384.05,0
85.31,62,Branch,1,ATM,27,6095.65,0
726.61,18,Branch,1,ATM,277,1008.76,1
130.4,45,Branch,1,Branch,63,4381.24,0
68.1,20,Branch,1,ATM,47,1382.8,1
65.26,26,Branch,1,Branch,72,7380.63,0
191.62,63,Branch,1,Branch,51,1981.67,1
212.88,39,Branch,1,Online,122,7036.72,0
88.38,30,Branch,1,ATM,138,3707.82,1
48.77,42,ATM,1,Online,51,2040.16,1
289.1,27,Branch,1,ATM,206,267.53,1
390.09,26,Branch,1,Online,49,2617.23,1
48.29,37,Branch,1,Online,242,8883.4,0
333.83,63,Branch,1,ATM,135,1660.66,1
1074.29,67,Branch,1,Branch,79,2011.6,1
100.27,79,Branch,1,Online,51,4309.9,0
44.54,31,Branch,1,ATM,164,362.4,1
1156.18,52,ATM,1,Online,40,836.69,1
82.17,28,Branch,1,Branch,21,1913.06,1
1045.45,19,Branch,1,Online,150,563.46,1
447.42,32,Branch,1,Online,65,6133.22,0
590.26,25,ATM,1,Branch,48,1068.28,1
192.73,71,Branch,1,Branch,157,2037.75,1
146.01,26,Branch,1,Online,269,221.79,1
136.05,24,Branch,3,Online,63,1127.54,1
11.57,56,ATM,1,Branch,64,2061.61,1
102.34,51,Branch,1,Online,78,9326.28,2
7.82,36,Branch,1,ATM,273,2240.49,1
79.43,74,Branch,1,ATM,72,6579.37,0
386.97,58,Branch,1,Branch,137,1876.35,1
51.22,23,Branch,1,Branch,82,1664.59,1
256.05,54,Branch,1,ATM,35,6910.18,0
7.79,34,Branch,1,Branch,298,1319.85,1
233.71,63,Branch,1,Branch,11,6095.5,0
176.37,55,Branch,1,Branch,126,2420.86,1
122.63,21,Branch,1,Branch,153,359.06,1
86.41,75,Branch,1,ATM,125,3128.71,1
21.57,54,Branch,1,ATM,71,7587.48,0
82.67,26,Branch,1,Branch,46,290.59,1
451.35,47,ATM,1,Branch,223,7707.96,0
299.42,63,ATM,1,Branch,53,4735.41,0
543.47,18,Branch,1,ATM,122,6165.03,0
346.76,21,ATM,1,Branch,116,1637.75,1
47.48,24,Branch,1,Branch,66,585.52,1
64.92,58,Branch,1,Branch,236,5481.76,0
350.72,28,ATM,1,ATM,48,1982.9,1
3.8,65,Branch,1,Online,174,5766.96,0
22.54,26,Branch,1,Online,42,7139.11,0
767.14,62,ATM,1,Branch,38,4732.57,0
167.47,35,Branch,1,ATM,103,2293.13,1
43.65,30,ATM,1,Branch,212,2870.67,1
391.08,56,Branch,1,Online,105,6885.16,0
390.77,44,Branch,1,Online,34,5500.56,0
508.16,39,Branch,1,ATM,131,5609.44,0
36.76,65,ATM,1,Online,108,1228.93,1
332.33,27,Branch,1,ATM,101,192.63,1
362.09,32,Branch,1,Branch,31,6590.28,0
42.58,30,Branch,1,Online,80,13485.0,2
122.35,53,ATM,1,Branch,188,6472.5,0
248.66,28,Branch,1,Online,113,2571.39,1
461.25,54,ATM,1,Online,171,676.1,1
61.77,56,Branch,1,Branch,49,12352.2,2
268.92,29,Branch,1,Branch,148,8765.38,0
303.97,24,Branch,5,Online,77,1590.88,1
219.02,54,ATM,1,Online,68,7375.73,0
125.14,20,Branch,1,Branch,31,1845.18,1
47.6,53,Branch,1,Online,115,1382.51,1
592.82,74,Branch,1,Online,248,7508.98,0
372.5,22,Branch,1,ATM,211,3901.82,1
4.72,32,Branch,1,Branch,20,4792.01,0
144.93,42,Branch,1,Branch,74,6887.52,0
316.56,28,Branch,1,Online,261,8643.51,0
9.18,22,Branch,1,Online,140,887.32,1
421.25,25,Branch,1,Online,66,7174.69,0
185.71,48,Branch,1,Branch,194,2679.91,1
1432.02,60,Branch,1,Branch,138,4315.07,0
26.27,45,ATM,1,Online,177,8853.93,0
297.03,61,Branch,1,Online,151,1088.62,1
341.67,53,Branch,5,Branch,96,1442.29,1
99.52,52,Branch,1,ATM,127,3798.09,1
881.1,28,Branch,1,Branch,16,9951.68,2
139.69,52,Branch,1,Online,180,9567.94,2
42.72,37,Branch,1,ATM,143,2669.66,1
112.72,31,Branch,1,Branch,17,9630.0,2
568.88,19,Branch,1,Branch,105,1307.86,1
189.03,28,Branch,1,ATM,50,1916.46,1
199.8,20,Branch,1,ATM,163,167.28,1
189.08,68,Branch,1,Branch,238,10790.8,2
958.9,31,Branch,1,Branch,135,9977.49,2
409.59,35,Branch,1,Online,50,14563.02,2
349.34,28,ATM,1,ATM,245,614.14,1
283.15,24,Branch,1,Online,180,603.79,1
151.82,51,Branch,1,ATM,105,2197.12,1
438.59,37,Branch,1,Online,103,8994.39,0
590.57,79,Branch,1,ATM,93,3224.6,1
63.74,63,Branch,1,Online,31,4336.4,0
77.02,59,ATM,1,Online,132,800.83,1
501.15,47,Branch,1,Branch,208,8821.84,0
917.81,64,Branch,2,ATM,75,3173.17,1
8.95,76,Branch,1,Online,102,3299.84,1
173.6,21,Branch,1,Online,160,421.44,1
149.4,53,Branch,1,ATM,123,1035.22,1
388.21,53,ATM,1,Branch,237,9724.49,2
484.3,61,ATM,3,Online,230,7910.3,0
126.04,65,ATM,1,Branch,167,6041.69,0
52.04,50,ATM,1,Branch,31,8436.12,0
389.7,62,ATM,1,Branch,216,7125.15,0
161.1,19,ATM,1,ATM,104,239.12,1
309.77,67,ATM,1,Online,137,4378.14,0
838.57,41,Branch,1,ATM,273,14576.47,2
202.55,21,Branch,2,ATM,34,701.73,1
724.18,41,Branch,1,Branch,134,10922.78,2
124.98,24,Branch,1,ATM,78,642.0,1
487.32,52,Branch,1,Branch,164,7707.96,0
635.91,46,ATM,1,Branch,78,13267.09,2
205.65,62,Branch,1,Branch,144,3582.16,1
39.41,25,Branch,1,Branch,132,921.91,1
254.0,35,Branch,1,Branch,63,5788.53,0
436.8,36,Branch,1,Branch,213,4515.43,0
224.73,76,Branch,1,Branch,63,7551.89,0
752.69,65,ATM,1,ATM,115,14489.69,2
78.5,31,ATM,1,Branch,41,13991.5,2
50.0,53,ATM,1,ATM,87,185.87,1
132.42,18,Branch,1,ATM,164,726.39,1
11.67,76,Branch,1,Branch,105,7458.63,0
83.16,61,Branch,1,ATM,177,3065.87,1
149.02,46,ATM,1,Branch,176,9379.72,2
74.27,59,ATM,1,Online,148,13696.61,2
876.57,62,ATM,1,ATM,118,3743.63,1
615.58,42,Branch,1,ATM,133,14343.0,2
643.03,36,ATM,1,Online,52,2882.16,1
7.95,79,Branch,1,ATM,65,5631.2,0
270.92,77,ATM,1,Branch,143,4574.43,0
499.48,24,Branch,1,ATM,133,1242.62,1
841.5,25,ATM,1,Branch,287,352.31,1
138.82,77,Branch,1,Online,53,3100.22,1
231.46,60,ATM,1,Branch,83,4707.24,0
292.08,72,Branch,1,ATM,32,7950.48,0
63.98,54,Branch,1,Online,258,7954.12,0
235.21,67,Branch,1,Branch,74,5946.61,0
201.73,57,Branch,1,Online,78,6650.71,0
161.31,28,Branch,1,ATM,13,1268.67,1
18.41,53,Branch,1,Branch,168,8287.54,0
471.75,34,ATM,1,Branch,41,12948.5,2
290.02,55,Branch,1,Branch,246,4746.71,0
48.05,27,Branch,1,Branch,38,5334.97,0
359.42,55,Branch,1,Branch,30,1765.45,1
32.91,19,Branch,1,Online,255,427.3,1
3.8,67,Branch,1,Branch,140,6285.39,0
31.81,51,Branch,1,Online,149,1406.6,1
220.2,28,Branch,1,Online,102,1075.15,1
476.03,77,ATM,1,Branch,99,5958.34,0
141.91,23,Branch,1,Branch,49,791.97,1
95.83,27,Branch,1,Online,91,1726.4,1
51.15,46,ATM,1,Branch,199,8992.25,0
1192.2,60,ATM,5,Branch,103,7816.41,0
50.75,62,Branch,1,ATM,185,8271.47,0
185.07,22,Branch,1,Branch,159,636.42,1
293.54,40,Branch,1,Online,45,2290.1,1
23.38,32,Branch,1,Branch,89,9968.49,2
285.26,28,Branch,1,ATM,93,167.72,1
129.48,31,Branch,1,ATM,179,7581.7,0
743.03,50,Branch,1,ATM,174,4111.38,0
297.86,28,ATM,1,ATM,96,1680.14,1
231.92,66,Branch,1,ATM,12,5715.08,0
295.82,47,ATM,1,Branch,46,5897.73,0
302.86,55,Branch,1,Online,275,5239.24,0
81.08,58,Branch,1,ATM,56,7788.91,0
775.6,79,ATM,1,Branch,158,3898.64,1
178.43,26,Branch,1,Branch,136,1214.93,1
211.91,20,Branch,1,Online,181,927.47,1
17.21,23,Branch,1,Online,219,914.16,1
124.22,23,Branch,1,ATM,172,9695.04,2
38.37,63,Branch,1,ATM,135,8647.04,0
269.79,52,Branch,1,ATM,17,1292.1,1
605.42,21,Branch,1,ATM,33,392.34,1
11.19,60,Branch,1,ATM,40,9877.17,2
29.19,58,ATM,1,Branch,41,12059.85,2
701.7,61,ATM,1,Online,64,6643.24,0
862.34,57,Branch,1,Branch,72,9903.48,2
410.97,22,Branch,1,ATM,45,151.42,1
36.97,41,Branch,1,Branch,79,2850.92,1
137.59,30,Branch,1,ATM,95,10679.67,2
168.11,51,ATM,1,Online,12,10652.13,2
430.98,24,Branch,1,Branch,93,569.25,1
13.87,24,Branch,1,Branch,20,954.83,1
642.68,76,Branch,1,ATM,66,1831.2,1
175.07,28,Branch,2,Online,169,9274.64,2
302.82,36,Branch,1,ATM,175,9384.54,2
1647.74,67,Branch,1,ATM,52,1483.84,1
406.81,66,Branch,1,Online,84,1968.36,1
256.3,53,Branch,1,Online,172,4203.05,0
80.96,19,ATM,1,Online,97,959.94,1
95.78,22,Branch,1,Online,27,271.64,1
379.54,41,ATM,1,Branch,118,12571.76,2
903.19,22,Branch,1,Online,65,8627.08,0
142.19,18,Branch,4,Branch,27,524.46,1
847.45,28,Branch,1,Branch,175,422.32,1
295.18,66,ATM,1,Branch,31,12961.53,2
18.46,68,Branch,1,Branch,213,6381.6,0
603.23,28,Branch,1,Branch,48,117.98,1
54.5,57,ATM,1,Branch,147,1715.22,1
414.77,29,Branch,1,Online,274,5599.81,0
886.19,61,Branch,1,Branch,69,7904.24,0
440.03,49,Branch,1,Online,88,1490.44,1
35.46,56,Branch,1,ATM,285,1532.72,1
76.39,18,Branch,1,Branch,219,5976.0,0
595.91,19,ATM,1,ATM,162,1673.76,1
6.03,76,Branch,1,Branch,70,3290.72,1
249.34,26,Branch,1,ATM,197,3030.97,1
421.52,20,Branch,1,Branch,67,369.86,1
189.77,58,Branch,1,Branch,24,6570.36,0
73.19,76,Branch,1,Branch,213,2264.98,1
188.13,75,ATM,1,Online,198,5029.87,0
30.52,62,Branch,1,Branch,122,12327.74,2
1235.69,20,ATM,1,Branch,118,420.25,1
1159.39,41,Branch,1,Online,150,6499.53,0
170.24,62,Branch,1,Branch,133,5172.99,0
56.62,54,Branch,1,Branch,121,8981.1,0
53.14,34,Branch,1,ATM,70,7915.0,0
587.23,27,Branch,1,Online,144,500.84,1
146.15,43,Branch,1,Branch,75,13784.4,2
21.27,62,ATM,1,Online,114,7392.79,0
1397.59,26,ATM,1,ATM,144,1134.79,1
76.02,34,ATM,1,Online,189,14765.41,2
170.19,27,ATM,5,Branch,156,745.87,1
155.51,68,Branch,1,ATM,15,5360.19,0
135.15,72,Branch,1,Online,50,5878.14,0
39.48,56,Branch,1,ATM,38,5889.51,0
451.68,33,Branch,1,Online,15,4381.54,0
19.11,49,ATM,1,Online,160,8478.46,0
355.0,26,ATM,1,Online,33,185.47,1
427.69,43,Branch,1,ATM,236,2443.54,1
254.86,23,Branch,1,Branch,102,699.9,1
19.48,27,Branch,1,ATM,114,4739.59,0
190.17,49,Branch,1,ATM,265,12893.85,2
91.38,65,Branch,1,ATM,179,2402.58,1
206.63,59,ATM,1,Online,128,7626.53,0
93.22,52,Branch,1,Online,52,1014.63,1
547.98,28,Branch,1,ATM,171,1358.54,1
641.06,23,Branch,1,ATM,25,1602.13,1
314.55,27,ATM,2,Branch,19,1105.89,1
836.45,61,Branch,1,Online,63,1731.89,1
1095.09,29,Branch,1,ATM,52,8692.47,0
189.45,53,ATM,1,Branch,62,12578.75,2
91.84,67,ATM,1,Branch,80,1712.41,1
609.52,78,Branch,1,ATM,169,3485.03,1
859.3,78,ATM,1,Branch,68,1146.78,1
100.01,50,Branch,1,ATM,63,6393.12,0
28.78,40,ATM,1,Online,51,680.55,1
111.08,70,Branch,1,Online,83,7037.34,0
470.96,69,ATM,2,Online,124,12991.03,2
52.23,28,ATM,1,Branch,96,105.01,1
78.62,32,Branch,1,Branch,52,1360.85,1
47.79,25,Branch,1,Branch,37,1649.92,1
333.97,52,Branch,1,Branch,45,5237.36,0
30.87,33,Branch,1,ATM,295,14348.65,2
710.43,67,Branch,1,Online,115,5625.55,0
220.23,41,Branch,1,ATM,48,3438.02,1
27.28,29,Branch,1,ATM,96,10668.24,2
101.52,49,Branch,1,ATM,98,2018.9,1
162.65,59,Branch,1,ATM,147,9500.95,2
10.52,55,Branch,1,ATM,30,2472.99,1
270.72,38,Branch,1,Branch,37,6522.47,0
202.34,20,Branch,1,Online,134,1223.45,1
247.58,39,Branch,1,ATM,152,778.74,1
686.17,61,Branch,1,ATM,96,2246.15,1
359.65,25,ATM,1,Online,289,219.53,1
109.91,38,Branch,1,Branch,90,12896.06,2
215.72,30,ATM,1,Branch,137,8697.11,0
490.76,66,Branch,1,Online,156,6414.11,0
224.28,64,Branch,1,Online,68,5767.51,0
614.03,68,Branch,1,ATM,51,2815.86,1
608.79,55,Branch,1,Online,157,2991.17,1
186.55,48,Branch,1,Branch,288,224.65,1
840.16,20,ATM,1,Branch,68,1236.76,1
203.34,60,Branch,1,ATM,66,13586.99,2
90.88,26,Branch,1,ATM,284,7117.35,0
60.11,61,ATM,1,Branch,122,7235.87,0
393.92,72,Branch,1,Branch,47,7318.64,0
19.39,43,Branch,1,ATM,45,9847.6,2
557.41,80,ATM,1,Online,49,2968.75,1
57.07,31,ATM,1,Online,99,9323.71,2
395.27,18,ATM,1,Online,167,1764.08,1
289.05,75,Branch,1,ATM,116,5683.49,0
46.11,33,Branch,1,Online,233,5225.73,0
335.5,63,Branch,1,ATM,47,6445.4,0
388.07,24,Branch,1,Online,68,289.71,1
520.86,51,ATM,1,Online,66,9200.74,2
787.41,25,Branch,1,Online,39,300.87,1
31.7,48,ATM,1,ATM,121,743.9,1
22.3,21,Branch,1,ATM,90,1200.35,1
203.12,56,Branch,1,ATM,181,1562.39,1
315.94,49,ATM,1,Branch,172,7719.71,0
192.23,54,Branch,3,Online,39,2610.67,1
1510.71,66,Branch,1,Online,51,2060.02,1
0.26,20,Branch,1,Online,173,1833.67,1
210.77,71,Branch,1,ATM,161,5396.65,0
406.65,57,Branch,1,ATM,107,12995.7,2
422.9,40,Branch,1,ATM,111,7616.43,0
20.62,35,ATM,1,ATM,225,12500.8,2
174.39,19,Branch,1,ATM,36,1127.08,1
7.86,76,ATM,1,Branch,91,3621.98,1
61.98,49,Branch,1,Online,44,5212.28,0
54.85,58,ATM,1,Branch,40,2727.45,1
204.7,49,Branch,5,Branch,95,5117.03,0
16.55,26,Branch,1,Branch,159,6089.79,0
91.32,58,Branch,1,Branch,77,2618.1,1
195.49,31,Branch,1,ATM,212,11988.12,2
49.62,55,Branch,1,ATM,111,3841.42,1
487.16,28,ATM,1,Branch,84,321.21,1
405.6,37,Branch,1,Online,44,9754.73,2
512.95,57,Branch,1,Branch,143,9584.52,2
345.94,31,Branch,1,ATM,163,7624.56,0
356.56,47,Branch,1,Online,52,2485.73,1
10.31,36,Branch,1,Online,280,2137.9,1
211.69,30,Branch,1,Branch,111,6412.85,0
221.49,23,ATM,1,Branch,196,707.25,1
278.23,48,Branch,1,Online,83,8300.54,0
116.88,45,Branch,1,ATM,263,7717.34,0
328.77,39,ATM,1,Online,247,6967.03,0
77.53,54,Branch,1,Branch,55,5158.6,0
421.74,67,Branch,1,Online,103,12031.14,2
313.69,73,Branch,1,Branch,152,7093.68,0
411.72,29,Branch,1,Branch,153,8539.86,0
508.73,59,Branch,1,Branch,89,7640.57,0
153.08,24,Branch,1,ATM,201,1292.21,1
23.01,63,Branch,1,Branch,166,5958.75,0
69.28,25,Branch,1,Online,129,708.74,1
51.25,28,ATM,1,Branch,66,1744.4,1
407.65,25,Branch,1,ATM,263,273.78,1
459.25,25,Branch,1,Branch,59,130.76,1
301.56,49,Branch,1,Branch,118,10389.6,2
17.67,63,Branch,1,Online,91,1048.18,1
5.29,32,ATM,1,Online,132,12896.68,2
401.37,43,Branch,1,Branch,251,8208.54,0
145.4,38,Branch,1,Online,24,5244.49,0
556.34,37,Branch,1,Online,46,11935.14,2
34.31,24,Branch,1,ATM,251,1484.76,1
780.59,23,ATM,1,Online,145,6513.34,0
282.65,35,Branch,1,ATM,161,13801.15,2
305.27,68,Branch,1,Online,147,12958.65,2
185.81,32,Branch,1,Online,116,9588.71,2
66.01,49,Branch,1,Online,179,3475.99,1
447.95,29,Branch,1,Branch,75,7544.4,0
279.3,19,Branch,1,ATM,48,1193.61,1
26.75,33,Branch,1,Online,27,12063.77,2
611.15,27,Branch,1,ATM,121,892.83,1
275.2,54,Branch,1,Online,81,1230.12,1
427.79,18,Branch,1,Branch,189,1479.67,1
469.13,54,ATM,1,ATM,139,1265.28,1
102.81,76,Branch,1,Branch,47,3228.87,1
22.61,19,Branch,1,Online,145,1111.67,1
68.28,56,Branch,1,Online,293,3213.16,1
33.65,63,ATM,1,Online,146,12719.93,2
362.68,63,ATM,1,ATM,137,2040.77,1
73.23,20,Branch,1,Branch,172,1309.85,1
654.49,25,ATM,1,Online,104,164.61,1
18.56,49,ATM,1,Branch,161,4230.37,0
389.05,27,Branch,1,ATM,41,761.0,1
7.38,67,Branch,1,Online,105,2923.83,1
109.48,61,Branch,1,Online,93,7372.47,0
66.91,39,Branch,1,ATM,85,871.1,1
335.48,45,Branch,1,Branch,155,3023.16,1
38.14,19,Branch,1,Online,174,1119.21,1
1076.98,60,Branch,1,Branch,173,11833.73,2
360.02,68,Branch,1,Online,68,6400.59,0
567.71,63,Branch,1,Online,80,13884.24,2
218.19,19,Branch,1,ATM,185,620.83,1
209.99,19,Branch,1,ATM,40,1938.01,1
11.02,19,Branch,1,Branch,280,964.79,1
83.43,56,Branch,1,Online,109,1870.16,1
344.97,34,Branch,1,Online,106,5577.94,0
172.29,36,Branch,1,ATM,283,8700.8,0
195.54,60,Branch,1,Online,255,2794.66,1
101.23,45,Branch,1,Online,87,6169.71,0
180.46,25,Branch,1,ATM,34,831.75,1
692.55,53,Branch,1,Branch,109,2451.56,1
147.31,34,ATM,1,Online,92,13625.52,2
107.48,20,Branch,1,Branch,103,1379.39,1
1831.02,62,ATM,1,Online,83,11498.01,2
81.51,25,Branch,1,Branch,97,865.49,1
365.48,76,ATM,1,Online,216,7147.4,0
491.1,35,ATM,1,Online,125,7833.85,0
452.8,80,Branch,1,Branch,151,4840.67,0
645.04,70,Branch,1,Branch,78,7361.47,0
169.28,45,Branch,1,Branch,114,5128.44,0
88.42,62,Branch,1,ATM,91,12381.45,2
155.53,29,Branch,1,ATM,66,4008.05,1
991.82,43,Branch,1,Online,300,3493.13,1
39.24,77,Branch,1,ATM,106,6462.41,0
152.01,42,Branch,3,ATM,111,4625.12,0
78.77,48,ATM,1,ATM,50,6470.57,0
26.5,48,Branch,1,Online,179,4854.83,0
83.62,48,Branch,1,ATM,146,12652.22,2
142.78,68,Branch,1,Branch,150,11705.88,2
55.99,35,Branch,1,ATM,95,932.61,1
774.48,61,Branch,1,Branch,31,11613.58,2
105.37,25,Branch,1,ATM,160,1068.55,1
118.83,28,Branch,1,Online,295,1616.3,1
46.22,23,Branch,1,Branch,217,471.28,1
659.71,21,ATM,1,Branch,148,106.86,1
377.97,72,Branch,1,Online,160,2457.1,1
114.1,69,Branch,1,Branch,148,5882.12,0
11.3,55,ATM,1,Online,41,1938.99,1
95.5,57,Branch,1,Online,17,4079.09,0
130.93,28,ATM,1,Branch,149,860.12,1
272.97,68,Branch,1,Online,174,7811.31,0
73.35,24,Branch,1,Branch,47,1181.84,1
29.94,58,Branch,1,ATM,243,10915.54,2
307.24,19,Branch,2,ATM,136,1670.72,1
50.52,20,Branch,1,Online,140,1121.19,1
820.46,53,ATM,1,Online,243,5621.86,0
153.07,56,Branch,1,ATM,116,8873.43,0
52.94,41,Branch,1,Branch,146,6990.92,0
384.41,60,Branch,1,ATM,65,7831.56,0
235.42,51,Branch,1,Branch,175,6173.23,0
114.23,56,Branch,1,ATM,64,9523.72,2
12.62,33,Branch,1,Branch,61,6420.47,0
997.37,23,Branch,1,ATM,145,1146.09,1
373.52,35,Branch,1,ATM,235,6430.41,0
336.05,28,Branch,1,Branch,164,1635.05,1
366.93,66,Branch,1,Online,33,6697.79,0
112.27,58,Branch,1,Branch,102,7369.89,0
494.96,40,Branch,1,ATM,132,6903.68,0
561.58,65,Branch,1,Online,23,11748.86,2
440.94,42,Branch,1,Online,148,7303.23,0
71.9,29,Branch,1,Branch,51,10619.35,2
256.66,54,ATM,1,Online,137,1794.5,1
166.55,59,ATM,1,Branch,99,12970.21,2
276.26,56,Branch,1,Branch,143,120.89,1
35.46,67,Branch,1,ATM,164,5692.31,0
38.14,50,Branch,1,Branch,165,9879.87,2
506.26,64,ATM,1,ATM,86,6266.65,0
736.32,31,Branch,1,Online,28,14268.95,2
389.43,52,ATM,1,ATM,151,6449.83,0
25.58,60,Branch,1,ATM,166,6741.41,0
446.1,25,Branch,1,ATM,243,1008.44,1
147.74,23,Branch,1,Branch,15,1711.78,1
1228.81,26,Branch,1,ATM,254,1821.0,1
46.23,77,Branch,1,Online,282,5107.75,0
265.37,33,Branch,1,Branch,77,5229.95,0
342.57,20,Branch,1,Online,91,339.16,1
417.26,32,ATM,1,Online,45,10442.48,2
33.63,63,Branch,1,Online,76,4324.4,0
64.58,55,Branch,1,Branch,173,6292.29,0
23.23,21,ATM,1,Branch,122,269.01,1
160.52,78,ATM,1,ATM,112,5379.25,0
278.88,64,Branch,2,Branch,179,1334.09,1
285.49,53,ATM,1,Branch,109,6366.84,0
71.87,22,Branch,1,ATM,258,1839.1,1
308.8,53,Branch,1,ATM,41,3966.54,1
135.35,33,Branch,1,Branch,82,9983.36,2
288.43,66,Branch,1,Branch,72,4577.09,0
147.46,65,ATM,1,Online,205,7458.03,0
214.15,32,Branch,1,Branch,217,6397.29,0
71.34,49,Branch,3,Online,144,6345.03,0
170.36,30,Branch,1,ATM,118,6034.73,0
965.66,53,Branch,1,ATM,32,765.81,1
736.53,55,Branch,1,ATM,120,9826.26,2
213.42,45,Branch,1,ATM,17,3736.38,1
94.09,27,Branch,1,Branch,203,646.85,1
91.23,72,Branch,1,ATM,86,6385.12,0
263.92,57,ATM,1,Branch,233,4161.71,0
77.5,51,ATM,1,Online,201,11079.77,2
3.65,69,Branch,1,Online,146,10017.11,2
43.88,26,ATM,1,Online,251,1644.09,1
591.98,28,Branch,1,ATM,132,387.65,1
224.79,18,Branch,1,Online,129,528.38,1
64.3,55,Branch,1,ATM,67,7530.3,0
111.79,62,Branch,1,Online,49,10887.59,2
927.16,59,Branch,1,ATM,153,7104.61,0
613.7,61,ATM,1,Branch,37,7307.11,0
26.07,20,Branch,3,Branch,19,349.98,1
170.45,60,Branch,1,Branch,199,2284.41,1
344.27,22,Branch,1,Branch,123,1918.36,1
872.72,22,Branch,1,Online,288,503.01,1
292.95,37,Branch,1,Branch,56,1216.91,1
28.44,18,Branch,1,ATM,243,1071.04,1
209.02,21,Branch,1,ATM,74,187.9,1
20.05,72,Branch,1,ATM,171,7145.67,0
175.02,28,Branch,1,Online,71,1493.88,1
89.5,41,ATM,1,Branch,134,8658.95,0
69.96,28,Branch,1,Branch,31,164.12,1
146.51,53,Branch,1,ATM,68,7089.9,0
376.78,21,ATM,1,Online,88,841.65,1
148.54,71,ATM,1,Branch,107,5677.05,0
388.77,26,ATM,1,Online,30,1658.49,1
100.38,63,Branch,1,Branch,49,10171.68,2
137.23,64,Branch,1,Branch,63,13847.99,2
870.3,51,Branch,1,ATM,229,3688.98,1
458.94,52,Branch,1,Branch,180,5619.95,0
327.35,20,ATM,1,Branch,175,342.08,1
757.15,53,Branch,1,Online,38,4702.86,0
5.64,59,Branch,1,Online,47,12703.24,2
47.23,73,ATM,1,Online,160,6659.81,0
239.41,42,ATM,1,Online,248,7860.65,0
7.48,55,Branch,1,ATM,29,1275.2,1
170.97,26,Branch,1,Branch,292,1265.27,1
262.43,37,ATM,5,Online,274,12841.01,2
659.15,22,Branch,1,ATM,204,1241.59,1
31.53,25,Branch,1,Online,283,874.93,1
111.66,48,ATM,1,Online,140,5716.72,0
250.01,62,Branch,1,ATM,88,1541.48,1
554.15,49,Branch,1,ATM,108,14817.22,2
598.66,32,ATM,1,Branch,222,2587.11,1
28.38,55,Branch,1,Branch,98,173.7,1
16.8,49,Branch,1,ATM,94,11847.07,2
896.79,33,Branch,1,Online,168,11146.74,2
159.0,49,Branch,1,ATM,38,369.79,1
56.31,75,ATM,1,Online,195,6396.08,0
203.99,52,Branch,1,Online,215,4840.31,0
50.99,29,Branch,1,Branch,76,1334.6,1
101.28,32,ATM,1,Online,75,2774.35,1
299.92,27,Branch,1,ATM,122,1368.0,1
77.54,67,Branch,1,Online,73,4536.38,0
18.35,21,Branch,1,Branch,78,1293.39,1
732.53,26,ATM,1,ATM,116,441.54,1
65.11,34,Branch,1,ATM,150,8485.14,0
67.07,24,ATM,1,ATM,56,999.62,1
137.48,55,Branch,1,Branch,47,14273.42,2
398.36,22,Branch,1,ATM,56,1863.7,1
469.46,20,Branch,1,ATM,149,8640.56,0
37.58,57,Branch,1,ATM,182,259.44,1
160.24,31,Branch,1,ATM,15,5526.97,0
315.39,23,ATM,1,Branch,93,929.6,1
434.17,21,Branch,5,ATM,148,5335.44,0
165.91,26,Branch,1,ATM,84,587.12,1
211.36,47,Branch,1,Branch,194,4760.34,0
241.45,26,Branch,1,Online,158,1594.04,1
23.24,68,Branch,1,Branch,129,13777.79,2
70.88,74,ATM,1,Branch,176,1794.65,1
1143.67,66,Branch,1,Online,111,7677.76,0
314.52,80,Branch,1,ATM,229,7071.32,0
181.81,78,ATM,1,Online,122,7525.73,0
854.64,56,Branch,1,Branch,118,2989.25,1
261.19,64,Branch,1,ATM,52,7620.6,0
220.68,71,ATM,1,Online,217,5549.2,0
11.86,31,Branch,1,Branch,129,6782.61,0
122.65,28,Branch,1,Online,41,1968.51,1
395.16,56,Branch,1,Online,17,5340.73,0
704.69,51,Branch,1,Online,150,3267.84,1
369.89,69,Branch,1,ATM,69,6941.47,0
10.92,67,Branch,1,ATM,268,7567.2,0
199.14,31,Branch,1,Branch,36,7001.25,0
109.43,70,Branch,1,ATM,140,1983.65,1
304.15,20,Branch,1,Branch,40,686.91,1
620.54,28,ATM,1,Branch,98,213.36,1
757.79,22,Branch,1,Online,117,1443.02,1
122.81,52,Branch,1,Branch,12,8450.84,0
96.25,61,Branch,1,Online,171,7996.7,0
1431.33,30,Branch,1,ATM,49,5567.98,0
142.55,67,Branch,1,Online,97,1262.68,1
35.94,23,ATM,1,Branch,141,1697.28,1
24.86,58,Branch,1,Branch,292,2591.65,1
103.08,60,Branch,1,Online,109,12002.16,2
116.27,57,Branch,1,Online,94,8726.92,0
363.84,73,Branch,3,Online,118,5415.64,0
34.74,59,ATM,1,Online,72,3736.57,1
64.01,19,ATM,1,Branch,240,1225.69,1
108.75,50,Branch,4,ATM,23,14829.85,2
50.9,28,ATM,1,Online,150,1277.7,1
206.84,20,Branch,1,Branch,154,454.66,1
37.4,20,Branch,1,ATM,84,1519.51,1
154.21,46,Branch,1,Online,75,8045.77,0
199.37,24,Branch,1,Online,79,1331.3,1
410.49,25,ATM,1,Branch,134,1843.57,1
1360.01,67,ATM,1,Branch,218,6601.5,0
18.23,56,Branch,1,ATM,28,8422.2,0
398.7,47,Branch,1,ATM,276,7987.74,0
122.14,22,Branch,1,Online,155,327.68,1
378.2,40,Branch,1,Branch,167,7372.81,0
124.74,49,Branch,1,ATM,33,2987.97,1
17.1,53,Branch,1,ATM,101,1619.54,1
287.05,22,Branch,1,ATM,212,1204.65,1
874.72,28,Branch,1,Online,173,4630.58,0
1762.28,24,Branch,1,ATM,150,1380.34,1
40.12,36,ATM,1,ATM,269,14304.38,2
125.0,49,ATM,1,Online,177,3215.76,1
348.44,24,Branch,1,Online,147,1022.94,1
128.4,69,Branch,1,ATM,31,2610.64,1
320.93,55,Branch,1,Online,178,9451.66,2
1.41,53,Branch,1,ATM,278,1244.17,1
50.52,54,Branch,1,Branch,293,12815.24,2
383.95,31,ATM,1,Online,143,9933.56,2
12.94,23,Branch,1,Branch,158,921.23,1
329.75,56,Branch,1,Online,211,6009.43,0
981.76,45,Branch,1,Online,234,602.36,1
40.79,18,Branch,1,ATM,80,1769.33,1
99.25,63,ATM,1,Online,93,2570.34,1
150.6,69,Branch,1,ATM,59,3240.14,1
29.5,73,Branch,1,Online,129,1229.32,1
54.34,65,Branch,1,ATM,46,8019.89,0
18.25,53,Branch,1,ATM,18,14328.29,2
633.87,27,Branch,1,Online,175,330.16,1
81.15,19,Branch,1,ATM,114,1595.26,1
83.95,75,Branch,1,Online,170,7413.18,0
410.4,61,ATM,1,ATM,78,2563.91,1
172.68,33,Branch,1,ATM,17,10724.95,2
139.88,34,Branch,1,ATM,162,2969.71,1
165.55,28,Branch,1,Branch,115,761.78,1
53.79,54,ATM,3,ATM,137,6229.36,0
285.69,63,Branch,1,ATM,35,2552.54,1
532.4,22,Branch,1,ATM,149,1033.73,1
293.85,25,Branch,1,Online,144,1919.97,1
27.94,79,Branch,1,Branch,120,1893.44,1
270.36,25,Branch,1,ATM,37,1783.04,1
112.66,29,Branch,3,Online,176,852.98,1
506.03,21,Branch,1,Branch,21,1123.89,1
206.95,22,Branch,1,Branch,31,1817.65,1
350.96,63,Branch,1,ATM,167,5463.94,0
261.63,20,Branch,1,Branch,150,477.03,1
46.12,59,Branch,1,Branch,30,8874.01,0
27.25,63,ATM,1,Branch,92,5365.2,0
1353.93,26,Branch,1,Branch,171,7858.41,0
331.66,76,Branch,1,ATM,145,7216.3,0
667.95,62,ATM,1,ATM,253,13558.56,2
49.84,49,Branch,1,ATM,146,7872.04,0
556.04,72,Branch,1,ATM,27,5200.04,0
88.06,18,ATM,1,Online,288,1779.85,1
745.95,58,Branch,1,ATM,127,13264.14,2
67.25,19,Branch,1,Online,157,467.4,1
93.63,29,Branch,1,ATM,141,9873.62,2
74.11,22,Branch,1,Branch,49,1257.9,1
41.13,77,ATM,1,Branch,58,6067.54,0
192.02,79,ATM,1,Online,154,5169.07,0
291.27,77,Branch,1,Branch,121,6878.86,0
296.46,23,Branch,1,Branch,136,558.99,1
341.84,27,ATM,1,Branch,89,1400.04,1
98.41,27,Branch,1,Online,48,912.71,1
109.28,36,Branch,4,Online,112,6338.35,0
27.51,40,ATM,1,Online,103,13645.63,2
12.18,76,Branch,1,Branch,77,4909.24,0
207.71,25,ATM,1,Online,63,570.1,1
25.77,45,ATM,1,Online,277,11749.77,2
127.57,52,Branch,1,ATM,75,6118.2,0
392.05,60,Branch,1,ATM,172,4383.69,0
521.01,41,ATM,1,Branch,73,4004.55,1
849.76,25,Branch,1,ATM,269,373.88,1
172.5,68,Branch,1,Online,31,6851.16,0
265.44,30,Branch,1,ATM,169,9700.77,2
152.34,55,Branch,1,Branch,115,6853.51,0
21.13,28,Branch,1,Branch,153,948.7,1
111.55,46,Branch,1,ATM,101,12221.17,2
321.82,32,ATM,1,Branch,43,6500.5,0
1294.81,45,ATM,1,Branch,279,9927.75,2
148.77,67,Branch,1,Branch,175,2138.42,1
14.08,57,Branch,1,Branch,154,3908.65,1
1283.97,42,Branch,1,ATM,121,11041.9,2
566.33,24,ATM,1,ATM,66,379.82,1
206.51,51,Branch,1,ATM,275,3921.74,1
180.94,75,Branch,1,Branch,57,7659.99,0
77.9,21,Branch,1,Branch,128,664.72,1
318.92,21,ATM,1,Branch,60,1167.25,1
583.3,59,ATM,1,Online,142,5896.01,0
100.68,63,Branch,1,Online,139,1123.75,1
589.64,62,Branch,1,Online,210,2039.4,1
225.93,25,ATM,1,Branch,199,1864.27,1
651.55,72,Branch,1,Online,82,2325.78,1
80.97,38,Branch,1,Online,157,5926.31,0
191.89,25,Branch,1,Branch,14,399.57,1
304.75,78,ATM,1,Branch,125,1916.34,1
201.53,68,Branch,1,Online,287,2732.86,1
8.45,22,Branch,1,ATM,141,1115.3,1
435.98,30,Branch,1,Branch,105,7334.08,0
743.24,19,ATM,1,Online,109,1024.19,1
16.27,57,Branch,1,ATM,44,10971.32,2
290.86,45,Branch,1,Online,36,14631.88,2
85.73,41,Branch,1,ATM,266,14928.35,2
555.71,22,ATM,1,Branch,73,830.37,1
40.03,23,Branch,1,Branch,200,6408.8,0
73.01,25,ATM,1,Online,62,1997.33,1
346.12,44,Branch,1,Branch,12,13084.27,2
1.93,47,Branch,5,Branch,175,5684.09,0
252.93,75,Branch,1,ATM,222,2760.37,1
238.54,19,Branch,4,ATM,12,868.91,1
1011.22,61,Branch,1,Branch,129,5838.91,0
58.7,67,Branch,1,Branch,141,8937.35,0
7.56,40,Branch,1,ATM,145,8528.72,0
540.4,45,Branch,1,Branch,272,425.77,1
264.14,64,Branch,1,ATM,125,8459.26,0
248.15,75,Branch,1,ATM,202,2649.23,1
24.34,54,Branch,1,Branch,110,6659.12,0
428.61,66,Branch,1,ATM,62,11937.04,2
117.66,39,ATM,1,Branch,126,6794.17,0
165.8,60,Branch,1,Online,287,2064.76,1
289.18,65,Branch,1,ATM,64,3139.75,1
125.39,21,Branch,1,ATM,140,202.69,1
305.18,58,Branch,1,Online,216,4474.2,0
506.9,64,ATM,1,Branch,56,11471.87,2
504.12,25,ATM,1,Branch,101,1107.28,1
42.09,29,Branch,1,Branch,118,5526.28,0
607.28,32,Branch,1,ATM,84,9679.68,2
91.9,77,Branch,1,Online,125,1033.94,1
303.43,22,Branch,1,Branch,30,1833.24,1
668.78,20,Branch,1,ATM,141,983.68,1
270.54,20,ATM,1,ATM,139,269.78,1
247.93,37,Branch,1,Branch,79,9801.48,2
34.67,19,Branch,1,Online,71,888.6,1
326.03,18,ATM,1,Online,137,290.24,1
148.26,25,Branch,1,ATM,57,958.7,1
1086.6,19,Branch,1,Online,38,1605.67,1
373.99,60,Branch,1,ATM,140,8590.5,0
254.34,49,Branch,1,Online,79,5461.08,0
819.48,25,Branch,1,ATM,26,1804.5,1
14.0,49,Branch,1,ATM,173,7975.18,0
57.16,40,Branch,1,ATM,74,222.22,1
282.26,37,Branch,1,Online,278,6857.2,0
46.96,46,Branch,1,Online,12,2028.92,1
473.2,34,Branch,1,Online,173,248.52,1
192.97,59,Branch,1,ATM,140,3019.04,1
168.99,18,Branch,1,ATM,203,1523.57,1
1.82,80,Branch,1,Online,60,5571.39,0
40.9,55,Branch,1,ATM,37,1514.34,1
78.91,61,Branch,1,Online,157,1817.43,1
169.97,22,ATM,1,ATM,12,6269.12,0
17.79,61,Branch,5,Branch,162,2281.9,1
486.61,48,ATM,1,ATM,130,2006.69,1
148.13,58,Branch,1,Branch,56,2189.38,1
164.52,61,Branch,1,ATM,162,11036.74,2
720.89,27,Branch,1,ATM,120,447.06,1
268.7,53,Branch,1,ATM,63,2104.74,1
637.34,51,Branch,1,ATM,278,5183.5,0
216.76,47,ATM,1,Online,138,643.64,1
418.02,46,Branch,1,ATM,110,11011.86,2
292.03,46,ATM,1,ATM,154,951.33,1
251.4,57,Branch,1,ATM,178,2561.67,1
184.56,21,Branch,1,Online,93,1549.27,1
33.76,26,Branch,1,Online,227,3253.51,1
253.46,45,Branch,1,ATM,60,1338.95,1
1612.37,65,Branch,1,ATM,173,3910.59,1
138.68,22,ATM,1,Branch,44,206.2,1
42.56,18,Branch,1,Online,146,4361.44,0
680.76,21,Branch,1,Branch,165,572.97,1
53.83,70,Branch,1,Branch,131,4580.59,0
11.09,51,Branch,1,Branch,95,2990.05,1
37.81,63,Branch,1,Branch,195,5208.98,0
449.18,67,Branch,1,Online,50,1025.99,1
1135.8,30,Branch,1,ATM,250,13534.3,2
297.6,39,Branch,1,Online,162,1461.17,1
683.75,32,Branch,1,Branch,106,6333.72,0
21.4,48,ATM,1,Online,129,8551.6,0
315.94,78,Branch,1,ATM,93,4273.99,0
331.32,61,Branch,5,Branch,137,13054.54,2
223.76,74,ATM,1,Branch,110,4102.23,0
216.03,42,Branch,1,ATM,300,10462.77,2
17.42,74,Branch,1,ATM,150,6851.31,0
491.91,78,Branch,1,Online,155,2421.94,1
350.11,74,ATM,1,Online,178,4639.04,0
218.07,23,Branch,1,Branch,243,443.62,1
291.09,48,Branch,1,Branch,73,6312.79,0
422.14,26,ATM,1,Branch,109,1436.32,1
613.21,61,Branch,1,ATM,157,3279.12,1
73.83,69,Branch,1,Online,69,6020.29,0
67.33,59,Branch,1,Online,36,5925.98,0
26.92,62,Branch,1,ATM,43,1674.94,1
18.3,48,Branch,1,Online,155,3733.52,1
317.94,54,Branch,1,ATM,124,2996.51,1
179.38,40,Branch,1,Online,173,11666.18,2
918.95,68,Branch,1,Online,139,7006.46,0
13.92,37,Branch,1,ATM,209,2735.84,1
365.43,25,Branch,1,ATM,176,1073.51,1
263.59,71,Branch,1,Branch,16,6996.35,0
54.8,34,Branch,1,Branch,140,4943.49,0
141.49,24,Branch,1,Online,75,1665.58,1
31.39,20,Branch,1,ATM,15,998.49,1
93.82,39,Branch,1,Online,176,8422.06,0
5.71,21,Branch,1,Branch,106,1285.42,1
178.39,34,Branch,1,Online,98,8469.43,0
126.91,22,Branch,1,ATM,42,692.69,1
36.09,53,Branch,1,Branch,167,12319.26,2
91.77,51,Branch,1,Branch,174,9240.73,2
198.92,36,Branch,1,Online,100,2854.66,1
137.81,58,Branch,1,Branch,44,2631.47,1
136.88,24,ATM,1,Branch,71,7465.95,0
133.07,21,Branch,1,Branch,155,1670.99,1
1.14,43,Branch,1,Branch,137,13913.92,2
256.34,69,Branch,1,Branch,99,7471.63,0
56.11,36,Branch,1,Branch,109,11123.65,2
118.1,50,Branch,1,ATM,50,7976.6,0
137.86,66,ATM,1,Online,120,8046.94,0
813.78,54,ATM,1,ATM,55,14935.5,2
237.97,69,Branch,1,ATM,69,13486.15,2
684.96,21,Branch,1,ATM,31,526.67,1
878.63,60,Branch,1,ATM,139,4954.37,0
276.56,68,Branch,1,Branch,15,8942.58,0
8.75,79,Branch,1,ATM,199,4044.62,1
637.48,65,Branch,1,Online,207,4148.85,0
103.15,51,Branch,1,Branch,179,11388.15,2
505.6,52,Branch,1,Branch,183,5347.57,0
371.86,46,Branch,1,ATM,91,1329.45,1
14.26,50,Branch,1,Branch,37,2475.65,1
13.16,43,Branch,1,Branch,98,1019.46,1
167.92,40,Branch,2,ATM,136,14321.73,2
73.01,56,Branch,1,ATM,101,2833.12,1
201.5,61,ATM,1,Online,196,12148.32,2
150.3,41,Branch,1,Online,204,14371.08,2
23.7,46,Branch,1,ATM,32,7947.44,0
49.59,48,Branch,1,Branch,147,6037.03,0
720.13,22,ATM,1,ATM,96,387.02,1
134.92,19,Branch,1,Online,101,1081.97,1
116.97,18,Branch,1,ATM,299,729.7,1
11.06,34,Branch,3,ATM,13,2782.21,1
88.29,50,ATM,1,Online,287,5245.93,0
5.81,25,Branch,1,ATM,222,1290.95,1
103.48,32,Branch,1,ATM,33,6494.25,0
156.74,70,Branch,1,ATM,136,4004.35,1
505.14,68,Branch,1,ATM,179,2525.47,1
31.06,46,Branch,1,ATM,61,11014.25,2
7.61,50,Branch,1,ATM,163,6275.0,0
276.16,53,ATM,1,ATM,71,1733.34,1
145.77,68,Branch,1,ATM,237,5294.98,0
369.44,34,Branch,1,Online,19,5018.67,0
558.86,60,Branch,1,ATM,95,9844.32,2
429.15,26,Branch,1,Branch,218,712.13,1
36.74,33,Branch,1,Branch,133,6217.58,0
79.14,57,ATM,1,Online,22,2229.56,1
132.48,36,Branch,1,Branch,101,9313.05,2
136.48,52,Branch,4,Online,138,4618.53,0
203.76,55,Branch,1,Branch,37,6747.16,0
750.95,78,Branch,1,Branch,27,5134.37,0
0.84,52,Branch,1,ATM,31,2207.54,1
257.18,67,Branch,1,Online,28,13336.15,2
767.66,63,Branch,1,ATM,155,1801.69,1
182.29,54,Branch,1,Online,123,522.39,1
184.51,54,ATM,1,Online,118,9381.64,2
451.31,62,Branch,5,ATM,166,2963.29,1
144.1,57,Branch,1,Branch,30,11523.64,2
72.5,40,Branch,1,ATM,30,12723.62,2
74.11,69,ATM,4,Online,71,3920.11,1
22.15,44,Branch,1,Branch,73,7451.83,0
777.92,62,Branch,1,Branch,97,7061.58,0
790.07,28,Branch,1,Online,197,985.77,1
406.33,59,ATM,1,Branch,103,4298.34,0
767.41,56,Branch,1,ATM,27,12799.34,2
4.58,21,ATM,1,Online,135,811.24,1
447.83,53,ATM,1,Branch,88,13273.08,2
49.67,21,Branch,1,Online,146,842.94,1
77.83,49,ATM,1,Branch,146,2471.53,1
702.87,19,Branch,1,ATM,184,1237.5,1
133.56,25,Branch,1,Online,177,783.83,1
868.05,49,ATM,1,Online,119,3931.03,1
52.87,24,Branch,1,Branch,70,960.96,1
179.0,78,Branch,1,ATM,121,7310.88,0
1168.26,73,ATM,1,Online,37,1385.74,1
384.11,58,Branch,1,ATM,12,7902.52,0
227.61,71,Branch,1,Online,61,4405.28,0
40.83,48,Branch,1,ATM,24,3944.12,1
19.76,20,Branch,1,ATM,240,1523.04,1
484.24,67,Branch,1,Branch,77,8042.3,0
494.66,33,Branch,1,Online,110,5531.93,0
301.47,21,Branch,1,Branch,291,560.73,1
199.09,70,Branch,1,Online,89,1658.52,1
38.95,27,Branch,1,Online,50,731.52,1
515.94,29,Branch,1,ATM,37,1389.89,1
41.93,48,Branch,1,ATM,136,5081.26,0
137.84,27,Branch,1,ATM,83,1000.35,1
95.35,21,Branch,1,Online,131,1639.9,1
93.14,67,Branch,1,Online,151,5473.82,0
1427.71,64,Branch,1,Branch,159,1729.26,1
79.33,51,ATM,1,Online,109,14798.1,2
76.89,55,Branch,1,ATM,132,7374.26,0
233.71,19,Branch,1,Online,297,1231.98,1
14.92,26,Branch,1,Branch,120,6611.26,0
242.17,60,Branch,1,ATM,147,883.72,1
122.98,79,Branch,1,Online,228,5055.99,0
129.35,52,Branch,1,ATM,130,7166.88,0
138.33,21,Branch,1,Online,69,232.56,1
39.31,25,Branch,1,Online,178,1236.38,1
91.85,21,Branch,1,Online,148,802.09,1
277.7,58,Branch,1,Branch,107,1423.2,1
114.03,51,Branch,1,ATM,172,13388.56,2
302.63,27,ATM,1,Branch,10,2801.28,1
31.19,52,Branch,1,ATM,74,5545.96,0
112.91,27,ATM,1,Online,135,4764.48,0
742.26,27,Branch,1,Online,36,7868.19,0
256.8,26,Branch,1,ATM,80,1128.38,1
378.68,60,Branch,1,ATM,239,7627.04,0
571.93,52,Branch,1,Online,119,4026.03,1
26.31,77,ATM,1,Online,163,7095.76,0
205.58,20,Branch,1,Online,159,1501.95,1
533.61,48,Branch,1,Online,115,3656.93,1
428.62,55,Branch,1,Branch,72,3473.24,1
361.22,64,Branch,1,ATM,167,7061.73,0
837.29,25,Branch,1,Branch,216,6012.67,0
117.25,31,ATM,1,Online,73,13694.68,2
135.27,48,Branch,1,ATM,131,9410.51,2
185.1,53,Branch,1,Branch,23,6115.63,0
113.54,38,Branch,1,Online,273,5581.21,0
354.96,69,Branch,1,Online,96,6712.94,0
224.22,53,Branch,1,Branch,37,8400.87,0
737.1,60,Branch,1,ATM,92,4644.19,0
223.22,27,Branch,1,ATM,96,1734.22,1
557.26,69,Branch,1,ATM,53,5237.12,0
1496.57,33,Branch,1,Online,95,969.06,1
27.44,62,Branch,1,ATM,164,5950.48,0
310.09,36,Branch,1,Branch,166,9962.5,2
80.38,52,Branch,1,Online,116,9662.88,2
26.1,66,ATM,1,Branch,115,5243.0,0
845.14,73,ATM,1,Branch,183,1702.65,1
59.73,27,Branch,1,ATM,56,800.93,1
758.77,60,Branch,1,ATM,114,7231.47,0
301.51,22,Branch,1,ATM,284,1052.31,1
418.03,58,Branch,1,Online,161,10721.29,2
118.06,32,ATM,1,Branch,31,13560.63,2
483.92,70,Branch,1,ATM,115,3138.0,1
78.93,38,Branch,1,ATM,145,9916.24,2
36.63,75,Branch,1,ATM,261,7941.73,0
87.85,49,Branch,1,Branch,63,3753.24,1
1001.83,31,Branch,1,Online,55,9733.83,2
705.34,59,Branch,1,Online,124,5003.22,0
146.55,54,Branch,5,Online,124,4087.44,0
116.89,71,Branch,1,Online,226,4880.31,0
106.41,57,Branch,1,Branch,87,1310.38,1
1087.9,78,Branch,1,ATM,103,2513.51,1
584.41,23,Branch,1,ATM,41,4475.22,0
584.98,55,ATM,1,Branch,121,6521.05,0
79.21,56,Branch,1,Branch,140,1615.04,1
173.13,20,ATM,1,Online,288,1490.34,1
335.7,80,Branch,1,ATM,57,6601.44,0
1225.5,50,ATM,1,Online,109,8611.17,0
422.81,28,Branch,1,Branch,193,1929.28,1
135.43,57,Branch,1,ATM,92,5315.83,0
584.88,26,Branch,1,ATM,121,548.45,1
308.94,25,Branch,1,Online,167,1931.66,1
295.93,36,Branch,1,Branch,117,1050.63,1
1512.99,19,Branch,1,Online,50,9963.39,2
77.44,58,Branch,1,Branch,268,1950.63,1
92.5,40,ATM,1,Online,70,6295.45,0
97.74,41,ATM,1,Online,137,4113.63,0
291.68,21,Branch,1,ATM,90,1451.02,1
56.96,22,Branch,1,ATM,135,1597.85,1
436.8,27,Branch,1,Online,92,1256.33,1
259.49,72,Branch,1,Online,292,7320.61,0
726.26,57,Branch,1,Online,147,2150.38,1
568.68,72,Branch,1,ATM,101,2940.04,1
77.57,49,Branch,1,Online,225,12801.93,2
999.28,29,Branch,1,Online,40,4272.41,0
14.16,74,ATM,1,Branch,290,5399.76,0
1142.83,61,ATM,1,Branch,48,2467.39,1
61.33,27,Branch,1,ATM,129,7537.4,0
27.64,54,Branch,1,Online,23,7498.51,0
3.85,29,Branch,1,ATM,32,10506.41,2
431.22,73,ATM,1,Branch,129,6505.98,0
178.55,55,Branch,1,Branch,67,7568.4,0
248.76,18,Branch,1,ATM,56,546.46,1
76.16,23,Branch,1,ATM,99,1072.25,1
347.25,69,Branch,1,ATM,250,7273.55,0
28.04,57,Branch,5,ATM,146,11197.54,2
325.98,19,Branch,1,ATM,277,782.35,1
249.56,76,Branch,1,Branch,246,4444.95,0
17.43,56,Branch,1,ATM,33,10658.88,2
198.01,26,ATM,1,Branch,40,250.93,1
585.58,23,Branch,1,Branch,55,1729.02,1
434.67,27,ATM,1,Online,124,1298.13,1
510.7,27,ATM,1,Online,294,5828.48,0
331.98,74,Branch,1,ATM,12,7600.99,0
199.54,56,Branch,1,Online,268,9603.73,2
212.97,59,Branch,1,Online,178,4180.4,0
270.56,23,Branch,1,Online,139,1268.44,1
306.37,26,Branch,1,ATM,120,9609.67,2
643.02,38,ATM,1,ATM,85,11989.39,2
98.48,47,Branch,1,Branch,12,9538.92,2
889.01,36,Branch,1,Online,169,4826.88,0
537.86,27,Branch,1,Online,134,293.06,1
241.18,25,Branch,1,ATM,162,1445.53,1
130.54,64,Branch,1,ATM,94,11204.62,2
800.29,20,ATM,1,Branch,84,693.4,1
8.81,57,Branch,1,Online,165,13523.65,2
28.52,20,Branch,1,ATM,163,662.51,1
431.31,23,ATM,1,Online,99,342.73,1
885.33,47,ATM,1,ATM,59,7764.16,0
199.23,29,Branch,1,ATM,54,9834.0,2
42.26,44,Branch,1,ATM,171,268.77,1
166.06,30,Branch,1,ATM,172,5397.68,0
357.72,53,Branch,1,ATM,25,7659.5,0
588.37,28,Branch,1,Online,284,1926.08,1
72.82,68,Branch,1,Online,127,6911.62,0
162.36,36,Branch,1,Online,147,7527.04,0
584.82,43,ATM,1,Online,109,12071.1,2
38.15,72,ATM,1,Online,129,1425.47,1
477.54,23,ATM,1,ATM,52,1598.63,1
639.57,60,Branch,1,Branch,43,11726.47,2
58.23,28,Branch,1,Online,34,9189.76,2
776.21,78,ATM,1,Online,99,4895.87,0
248.76,21,Branch,1,Branch,117,6178.77,0
188.61,67,Branch,1,Online,26,7167.57,0
675.37,56,ATM,1,Online,31,4704.91,0
94.82,67,ATM,1,Branch,56,1267.72,1
425.18,59,ATM,1,Online,135,5790.55,0
50.28,60,Branch,1,Branch,65,5729.1,0
864.72,34,ATM,1,Branch,58,7379.38,0
70.68,25,Branch,1,Online,105,1478.41,1
261.77,28,Branch,1,Online,46,824.71,1
183.22,27,Branch,1,ATM,63,1024.42,1
58.32,29,ATM,4,Branch,275,6027.49,0
156.86,51,Branch,1,ATM,102,14453.35,2
120.67,42,Branch,1,ATM,233,5374.54,0
308.62,59,ATM,1,Branch,101,9148.08,2
506.81,59,Branch,1,ATM,41,2757.23,1
328.39,41,Branch,1,ATM,108,2523.83,1
796.3,67,Branch,1,Branch,64,1498.79,1
72.47,29,Branch,1,Online,72,1305.56,1
279.6,25,Branch,1,ATM,131,1910.9,1
304.2,25,Branch,1,Online,102,423.64,1
351.38,64,Branch,1,Branch,21,7606.63,0
86.07,31,Branch,1,Branch,23,842.56,1
604.5,28,Branch,1,ATM,80,709.42,1
258.7,27,Branch,1,ATM,123,1358.37,1
994.63,61,Branch,1,Online,158,13538.14,2
11.46,75,ATM,1,Branch,64,7258.33,0
63.76,69,Branch,1,ATM,100,4980.26,0
446.83,55,ATM,1,Branch,143,1623.5,1
63.54,26,Branch,1,ATM,136,4401.78,0
81.11,48,Branch,1,Online,110,2051.37,1
441.26,58,ATM,5,Branch,87,13704.92,2
170.96,64,Branch,1,Branch,69,13374.89,2
48.51,22,Branch,1,Branch,69,3363.23,1
325.03,60,Branch,1,Branch,106,13521.76,2
125.83,57,Branch,1,ATM,138,6109.86,0
506.83,37,Branch,1,Branch,45,9975.79,2
738.94,41,Branch,1,Branch,173,13856.18,2
180.36,33,ATM,1,Online,55,9905.23,2
225.1,28,Branch,1,ATM,35,1547.71,1
359.51,79,Branch,1,Online,157,7153.72,0
720.46,54,Branch,1,Branch,44,3101.54,1
1116.57,56,Branch,1,ATM,104,1393.14,1
291.46,57,Branch,1,ATM,135,7142.53,0
1192.95,23,Branch,1,Branch,73,325.15,1
98.24,28,Branch,1,Online,148,580.66,1
100.48,18,ATM,1,Branch,104,6149.81,0
45.9,56,Branch,1,Branch,264,5698.25,0
258.21,39,Branch,1,Online,225,9562.41,2
1079.11,53,Branch,1,Online,211,2038.31,1
287.51,22,Branch,1,Online,255,187.65,1
501.3,26,ATM,1,Online,146,8520.08,0
26.1,27,Branch,1,ATM,32,1435.72,1
436.77,20,Branch,1,ATM,176,825.69,1
292.38,68,Branch,1,ATM,224,5803.89,0
1026.46,53,Branch,1,Branch,165,3134.47,1
25.29,50,Branch,1,Online,125,5374.69,0
123.35,31,ATM,1,Online,10,6852.16,0
139.52,23,Branch,1,Branch,31,1570.22,1
51.2,18,Branch,1,Online,83,730.6,1
122.85,47,ATM,3,Online,127,13185.39,2
161.38,24,ATM,1,Online,101,3900.34,1
2.51,63,Branch,1,Online,32,4891.56,0
22.62,64,Branch,1,ATM,102,7682.0,0
126.83,57,Branch,1,Branch,39,6100.98,0
46.6,55,Branch,1,Online,68,1562.9,1
243.8,57,Branch,1,Branch,48,13732.81,2
231.51,60,ATM,1,Branch,96,5790.7,0
175.05,39,Branch,1,Online,34,1447.35,1
762.74,64,Branch,1,ATM,244,207.1,1
34.03,57,Branch,1,Branch,38,3077.2,1
15.95,25,Branch,1,Branch,52,1983.0,1
926.53,57,Branch,1,ATM,107,3120.1,1
101.51,46,ATM,1,Online,199,3052.47,1
309.42,27,Branch,1,Branch,42,8564.46,0
257.6,59,ATM,1,Online,293,7950.74,0
746.78,21,ATM,1,Branch,64,1699.81,1
82.01,23,ATM,1,Branch,156,287.46,1
476.99,23,Branch,1,Online,187,1154.48,1
320.11,23,Branch,1,Branch,130,4076.48,0
333.39,68,Branch,1,ATM,35,10628.59,2
10.3,47,Branch,1,ATM,197,7801.32,0
737.46,53,ATM,4,Branch,75,634.16,1
416.55,33,Branch,1,Online,73,922.96,1
84.91,18,Branch,1,Online,68,1671.86,1
98.95,75,Branch,1,Branch,73,5670.82,0
18.14,58,ATM,1,ATM,48,6020.85,0
1154.79,51,Branch,1,ATM,108,6180.3,0
215.13,46,Branch,1,Online,114,3956.69,1
218.57,62,ATM,1,Branch,102,13869.86,2
341.88,43,Branch,1,ATM,89,4159.52,0
691.92,19,Branch,1,Online,61,1084.65,1
50.43,32,Branch,1,Branch,51,9794.26,2
440.43,78,Branch,1,Branch,23,5123.24,0
299.03,39,Branch,1,Branch,52,1381.28,1
1.98,66,Branch,1,ATM,170,11619.1,2
173.45,31,Branch,1,ATM,161,9077.62,0
438.76,22,Branch,1,Branch,73,1824.19,1
519.62,71,ATM,1,Online,40,4159.33,0
738.68,50,Branch,1,Online,124,14352.33,2
151.14,64,Branch,1,Online,38,2156.54,1
75.77,51,Branch,1,Branch,148,8361.7,0
444.52,27,Branch,1,Online,17,5424.6,0
5.29,52,Branch,1,Online,276,11263.89,2
97.63,48,ATM,1,Online,127,12467.31,2
256.95,26,Branch,1,Branch,71,2531.24,1
734.86,48,ATM,1,Branch,290,6242.03,0
1250.94,36,Branch,2,ATM,107,11565.97,2
84.28,39,Branch,1,Branch,142,13586.06,2
927.45,24,Branch,1,ATM,95,1161.84,1
202.49,48,ATM,1,ATM,69,7447.1,0
154.99,25,Branch,1,Branch,53,1419.31,1
481.53,58,Branch,1,Branch,277,6142.54,0
172.92,20,Branch,1,Online,212,416.37,1
275.59,53,ATM,1,Branch,238,6313.22,0
207.2,60,Branch,1,Online,133,8092.94,0
136.82,31,Branch,1,Branch,14,6229.13,0
624.0,26,Branch,5,Branch,132,4976.18,0
179.38,30,Branch,1,Online,28,8741.51,0
10.15,59,Branch,5,ATM,58,7155.04,0
26.3,32,Branch,1,ATM,33,7473.73,0
319.5,29,ATM,1,Branch,69,2366.3,1
182.42,51,Branch,1,Branch,137,3051.29,1
716.62,44,Branch,1,ATM,241,6987.4,0
222.96,65,ATM,1,ATM,150,7370.41,0
79.77,68,Branch,1,ATM,167,5010.31,0
431.08,59,Branch,1,Branch,25,6760.22,0
592.24,52,Branch,1,ATM,140,9817.05,2
200.19,52,ATM,1,Branch,108,4389.96,0
297.5,73,ATM,1,Branch,80,6768.14,0
345.86,51,Branch,1,ATM,145,1504.64,1
343.88,63,Branch,1,Online,97,6486.18,0
16.52,25,ATM,1,Online,135,835.53,1
162.1,41,Branch,1,Branch,151,8576.65,0
36.12,22,Branch,1,Online,234,1593.03,1
354.91,74,Branch,1,ATM,191,3872.55,1
38.41,40,Branch,1,ATM,117,9129.68,2
53.52,49,Branch,1,Branch,55,2227.49,1
498.59,57,Branch,1,Online,138,2619.46,1
13.3,23,Branch,1,ATM,63,213.0,1
189.65,21,Branch,1,ATM,60,8457.09,0
255.32,80,Branch,1,ATM,27,6290.62,0
230.51,51,ATM,1,Branch,56,9522.37,2
237.74,61,Branch,1,ATM,152,11795.12,2
512.76,52,Branch,1,ATM,26,5121.36,0
151.37,54,Branch,1,ATM,53,8356.08,0
85.01,25,ATM,1,ATM,157,1299.4,1
444.47,57,Branch,1,Online,61,6062.94,0
184.19,67,Branch,1,ATM,58,7588.67,0
879.25,24,ATM,1,Online,137,125.85,1
55.98,24,ATM,1,Branch,87,7047.04,0
54.91,41,ATM,1,ATM,275,7927.27,0
1047.69,20,Branch,1,Online,139,1889.78,1
393.74,26,Branch,1,Online,90,1769.06,1
58.94,30,Branch,1,Online,26,4575.98,0
515.57,27,Branch,1,ATM,56,9269.67,2
332.15,59,Branch,1,ATM,105,9749.46,2
177.94,19,Branch,1,Online,173,123.24,1
68.68,49,Branch,1,Online,141,4718.51,0
1431.54,20,Branch,1,Online,84,1171.98,1
240.03,33,Branch,1,Online,31,7807.73,0
168.34,64,Branch,1,ATM,240,7483.01,0
474.77,46,Branch,1,Online,284,8494.53,0
451.7,29,Branch,1,Online,103,8994.67,0
243.85,39,Branch,1,Branch,43,4576.78,0
5.76,38,Branch,1,Branch,164,5859.79,0
435.08,55,Branch,1,Online,78,2103.41,1
127.78,20,Branch,1,ATM,170,1046.66,1
23.14,47,ATM,1,Online,93,10536.54,2
545.87,27,Branch,1,Branch,41,4860.01,0
21.21,55,Branch,1,Online,37,9575.42,2
423.53,50,ATM,1,Branch,81,5453.4,0
142.1,18,ATM,1,Online,109,1545.64,1
1413.24,58,Branch,1,ATM,199,7272.01,0
114.15,19,Branch,1,ATM,52,1612.4,1
275.98,72,ATM,1,Online,67,6151.05,0
590.68,27,Branch,1,Branch,23,852.2,1
152.42,42,Branch,1,ATM,176,9141.79,2
395.77,43,ATM,1,Branch,118,6425.99,0
615.16,26,Branch,1,Online,140,214.61,1
207.82,19,ATM,1,Online,30,229.02,1
220.52,57,Branch,1,ATM,152,1793.09,1
281.47,34,Branch,1,ATM,142,4437.48,0
57.91,58,ATM,1,Branch,97,3641.06,1
30.48,32,ATM,1,Branch,78,11481.85,2
1152.58,65,Branch,1,Branch,180,7567.17,0
453.09,48,Branch,1,Branch,97,6708.65,0
424.47,22,Branch,1,Online,116,5491.55,0
228.4,67,Branch,1,ATM,116,9598.43,2
67.17,63,Branch,1,Online,48,14410.44,2
284.89,53,Branch,1,Online,115,9738.6,2
118.69,33,Branch,1,Online,296,749.34,1
221.33,27,Branch,1,ATM,276,1185.43,1
252.31,26,ATM,1,ATM,172,1584.6,1
58.85,71,ATM,1,Online,115,1789.8,1
194.68,32,Branch,1,Online,165,14494.18,2
433.53,38,Branch,1,Branch,231,6368.32,0
178.26,59,Branch,1,ATM,59,1137.13,1
207.65,34,Branch,1,Online,98,5143.8,0
237.0,49,Branch,1,Online,115,14021.4,2
1169.59,28,Branch,1,Online,114,5946.45,0
347.63,25,ATM,1,Online,272,1400.04,1
517.68,31,Branch,1,ATM,24,11305.81,2
36.25,52,Branch,1,Branch,76,193.06,1
46.53,42,Branch,1,ATM,34,4468.12,0
207.47,53,Branch,1,ATM,12,1688.9,1
199.7,43,Branch,1,ATM,285,7574.45,0
307.89,62,ATM,1,Online,90,2637.55,1
403.63,31,Branch,3,Branch,167,3304.02,1
20.06,27,Branch,1,ATM,144,445.21,1
236.57,79,Branch,1,ATM,112,3488.77,1
0.32,39,Branch,1,ATM,136,7158.58,0
14.28,23,Branch,1,ATM,81,1597.51,1
232.35,33,ATM,1,Branch,153,4186.25,0
317.53,44,Branch,1,Online,104,6237.68,0
74.67,43,Branch,1,ATM,283,3449.35,1
65.01,29,ATM,1,Online,67,10235.19,2
0.45,34,Branch,1,Branch,172,8670.23,0
364.13,63,Branch,1,ATM,61,8198.0,0
340.13,24,Branch,3,Branch,32,1149.74,1
15.81,69,Branch,4,Branch,11,8384.85,0
222.66,39,Branch,1,Online,88,14466.38,2
638.24,48,Branch,1,Branch,64,5695.78,0
241.21,31,Branch,1,ATM,108,1220.86,1
171.16,51,Branch,1,Online,42,6126.5,0
1360.67,29,Branch,1,Branch,118,2861.65,1
37.65,27,ATM,1,Online,109,411.78,1
25.77,68,Branch,1,Online,18,4331.54,0
789.8,40,Branch,1,ATM,94,13948.09,2
308.85,20,ATM,2,Branch,33,333.19,1
1454.52,27,Branch,1,ATM,20,1189.03,1
806.97,25,Branch,1,Online,11,102.2,1
364.81,25,Branch,1,Online,53,1145.23,1
490.82,26,Branch,1,ATM,114,8704.27,0
1021.38,61,Branch,1,Branch,125,6223.26,0
311.28,49,Branch,1,Branch,198,135.96,1
85.03,51,Branch,1,ATM,48,4597.57,0
307.75,64,Branch,1,Branch,63,1061.58,1
333.67,36,Branch,1,Online,68,9238.08,2
589.89,56,Branch,3,Branch,213,9404.63,2
372.08,66,Branch,1,Branch,63,13330.74,2
502.9,26,ATM,1,Online,141,341.24,1
103.81,36,Branch,1,ATM,34,7044.63,0
69.43,30,Branch,1,ATM,162,9281.85,2
110.4,56,ATM,1,ATM,62,8639.36,0
275.65,28,ATM,1,Branch,14,4957.57,0
336.01,63,Branch,4,Online,121,9938.2,2
251.8,62,Branch,1,ATM,102,11796.66,2
334.07,59,Branch,1,Branch,200,7306.79,0
52.44,27,Branch,1,Online,87,3157.75,1
1030.85,25,Branch,1,ATM,39,1941.8,1
141.37,46,Branch,1,Online,77,1019.77,1
211.7,50,ATM,1,Online,205,12272.78,2
61.4,41,Branch,2,Branch,20,7892.87,0
308.23,60,Branch,1,ATM,23,4150.63,0
111.41,21,Branch,1,Branch,181,1204.11,1
675.49,61,Branch,1,ATM,159,1893.0,1
29.72,26,Branch,1,ATM,38,1059.62,1
301.73,67,Branch,1,Online,163,990.74,1
294.61,60,Branch,1,Branch,74,7375.59,0
106.43,52,ATM,1,ATM,164,9403.12,2
381.52,36,Branch,1,Online,79,5798.92,0
1142.76,25,ATM,1,Online,71,1498.93,1
5.66,40,Branch,1,Branch,33,5434.64,0
209.09,48,Branch,1,ATM,203,9100.81,2
521.81,47,Branch,1,ATM,34,4750.96,0
588.36,33,Branch,1,Online,134,8434.99,0
146.67,20,Branch,1,Online,273,1569.75,1
176.52,73,ATM,5,Online,94,7132.08,0
57.34,27,Branch,1,Online,81,1100.64,1
294.77,77,Branch,1,Online,101,2272.17,1
881.32,31,Branch,1,Online,59,2287.93,1
162.59,64,Branch,1,Branch,19,7104.83,0
56.15,31,Branch,1,Branch,77,13265.92,2
524.55,39,Branch,1,ATM,175,8292.75,0
535.4,23,Branch,1,Branch,110,651.84,1
56.84,45,Branch,1,ATM,185,7977.78,0
135.94,71,Branch,1,Branch,258,4710.21,0
47.1,42,ATM,1,Branch,178,6308.07,0
124.05,61,ATM,1,Branch,220,7009.54,0
802.89,19,Branch,1,ATM,175,1973.63,1
193.16,64,Branch,1,ATM,109,2304.56,1
541.52,48,ATM,1,Branch,161,6087.24,0
20.17,77,Branch,1,ATM,86,3869.37,1
35.98,40,ATM,1,Branch,133,11147.34,2
273.24,51,Branch,1,Branch,173,2202.21,1
663.45,67,Branch,1,ATM,147,5897.29,0
343.86,57,Branch,1,Branch,70,3278.65,1
69.38,69,Branch,2,Branch,280,12072.11,2
75.43,77,Branch,1,ATM,266,1441.86,1
414.64,32,Branch,1,Branch,74,7253.22,0
86.79,33,Branch,1,Branch,166,8795.37,0
1105.88,34,Branch,1,ATM,36,2636.32,1
14.1,45,Branch,1,Branch,73,6949.21,0
63.33,23,ATM,1,Branch,124,792.33,1
606.27,29,Branch,1,Branch,42,9668.78,2
4.47,27,Branch,1,Branch,132,1381.75,1
289.01,66,Branch,1,Online,96,4226.26,0
338.69,18,Branch,1,Branch,169,1137.89,1
97.73,69,Branch,1,Branch,156,7885.21,0
1021.16,20,Branch,1,ATM,104,9427.06,2
27.61,54,ATM,1,ATM,26,3679.64,1
284.17,51,Branch,1,ATM,189,3479.56,1
76.21,22,Branch,1,Branch,69,664.93,1
334.79,69,ATM,1,Branch,292,624.09,1
584.51,74,Branch,1,ATM,76,3254.56,1
432.18,18,Branch,1,Branch,162,678.83,1
134.55,59,Branch,1,Online,165,14852.42,2
61.66,26,Branch,1,ATM,86,5705.4,0
12.35,25,Branch,1,Branch,22,1846.85,1
213.25,25,Branch,1,Branch,63,677.79,1
34.93,31,Branch,1,Branch,72,2810.37,1
959.48,67,Branch,1,Branch,36,10631.43,2
335.68,24,Branch,1,Online,142,1188.95,1
423.96,43,Branch,1,ATM,75,8374.38,0
361.38,72,ATM,3,Online,71,4972.92,0
220.82,42,Branch,1,Branch,31,4298.13,0
717.36,22,ATM,1,Online,138,514.88,1
406.12,42,Branch,1,ATM,106,10501.53,2
427.83,47,Branch,1,ATM,29,3293.06,1
416.62,26,ATM,1,Online,67,9700.9,2
21.9,28,Branch,1,ATM,30,1052.27,1
717.74,42,ATM,1,Online,168,8375.16,0
393.68,55,Branch,1,ATM,141,10135.88,2
281.91,25,Branch,1,Branch,269,225.53,1
239.85,70,Branch,1,ATM,50,1477.63,1
237.84,26,Branch,1,Branch,16,8932.39,0
459.29,64,ATM,1,Online,109,1006.12,1
196.49,41,Branch,1,Branch,65,7516.56,0
21.23,23,Branch,4,ATM,103,319.18,1
95.23,20,Branch,3,Online,60,966.88,1
344.87,58,Branch,1,Branch,25,7447.44,0
129.62,23,ATM,1,ATM,124,620.28,1
16.53,21,Branch,1,ATM,220,707.95,1
277.02,46,ATM,1,ATM,227,8586.38,0
13.02,51,Branch,1,Branch,42,6076.45,0
199.02,22,Branch,1,ATM,185,793.63,1
684.5,29,Branch,1,Branch,76,6258.63,0
1173.74,61,ATM,1,Online,61,10456.24,2
45.92,26,Branch,1,ATM,23,544.56,1
761.73,19,Branch,1,ATM,27,151.28,1
331.38,42,Branch,1,ATM,122,844.55,1
602.8,60,Branch,1,Branch,173,7417.69,0
64.12,57,ATM,1,Branch,222,1029.09,1
57.38,28,Branch,1,Online,86,899.52,1
94.64,28,ATM,1,ATM,144,586.76,1
155.56,19,ATM,1,Branch,64,129.79,1
301.39,47,ATM,1,Online,104,10548.58,2
136.31,74,Branch,1,Online,65,4384.95,0
4.39,26,Branch,1,ATM,63,1429.61,1
429.25,29,Branch,1,Online,107,5019.68,0
138.54,60,ATM,1,Branch,93,8274.77,0
33.03,21,Branch,1,Branch,28,935.88,1
76.39,30,Branch,1,Online,80,11584.32,2
25.32,19,Branch,1,ATM,25,1642.34,1
330.91,36,Branch,1,ATM,28,6481.35,0
153.55,37,Branch,1,Online,16,5619.91,0
217.61,27,Branch,1,Online,120,1661.1,1
131.69,53,ATM,1,Branch,59,2958.43,1
953.17,60,Branch,1,Online,84,3506.11,1
68.49,67,Branch,1,Online,49,6683.31,0
1493.0,69,Branch,1,ATM,151,1619.16,1
470.62,57,Branch,1,Branch,127,12470.62,2
385.35,38,Branch,1,Branch,269,5184.13,0
74.72,26,Branch,1,Online,132,165.75,1
352.03,27,ATM,1,Online,219,4846.68,0
275.87,25,Branch,1,ATM,112,1697.58,1
90.94,63,ATM,1,ATM,56,3896.08,1
206.25,74,Branch,1,ATM,56,3651.07,1
116.76,51,Branch,1,ATM,212,4480.43,0
91.5,47,Branch,1,ATM,77,667.66,1
489.31,43,Branch,1,Branch,36,5595.22,0
1664.33,18,Branch,1,Branch,65,1588.31,1
414.49,58,ATM,1,Online,108,12709.58,2
315.13,30,Branch,1,Branch,143,6570.94,0
28.38,45,Branch,1,Branch,260,8892.62,0
456.05,68,Branch,1,Branch,20,11729.51,2
277.22,35,Branch,1,Branch,41,12104.51,2
54.84,52,Branch,1,Online,124,3495.51,1
29.92,68,ATM,1,Online,63,7855.01,0
133.06,35,Branch,1,Online,143,8843.44,0
332.06,29,Branch,4,ATM,221,11826.52,2
14.34,67,ATM,1,Online,24,7932.51,0
468.32,69,Branch,1,Online,152,4710.04,0
582.17,57,Branch,1,Branch,135,7310.83,0
245.62,23,Branch,1,Branch,127,1879.82,1
981.9,43,ATM,1,Online,112,9018.33,0
83.6,47,Branch,1,ATM,192,13899.24,2
331.22,61,ATM,1,Branch,161,12613.25,2
57.49,24,ATM,1,Online,177,765.15,1
85.58,55,Branch,1,ATM,60,7794.84,0
157.56,43,Branch,1,Branch,159,7541.16,0
230.3,46,Branch,1,Online,24,8356.88,0
305.92,72,Branch,1,ATM,88,1445.47,1
942.7,35,Branch,1,Online,29,5141.32,0
116.33,27,Branch,1,Branch,144,1696.15,1
537.71,19,ATM,1,Online,175,1806.08,1
538.17,27,ATM,1,Branch,252,5908.04,0
219.44,42,Branch,1,Online,23,4207.27,0
61.62,57,Branch,1,Online,19,8365.37,0
58.77,27,Branch,1,Online,191,7261.7,0
538.13,62,Branch,1,ATM,165,5008.59,0
177.05,24,Branch,1,Branch,235,4287.82,0
403.01,63,Branch,3,Online,286,10513.52,2
719.76,19,Branch,1,Branch,190,690.52,1
163.22,26,Branch,1,Online,217,1788.27,1
242.85,42,Branch,1,Online,93,4672.8,0
291.22,41,ATM,1,Online,100,3677.63,1
56.52,42,Branch,1,ATM,152,6911.2,0
195.8,39,Branch,1,Online,186,12027.68,2
66.76,36,ATM,1,Branch,44,184.72,1
190.9,28,Branch,1,Online,40,101.25,1
106.99,38,Branch,1,Branch,152,5771.4,0
655.81,55,Branch,2,ATM,164,4539.99,0
107.1,25,ATM,1,Online,175,193.8,1
79.92,44,Branch,2,ATM,274,9138.76,2
430.83,18,Branch,1,Branch,292,941.49,1
235.34,26,Branch,1,Branch,68,566.83,1
86.35,52,ATM,1,Branch,24,1550.48,1
337.99,70,Branch,1,ATM,115,9038.63,0
577.13,40,ATM,1,Branch,66,6640.51,0
213.33,52,Branch,1,ATM,161,5400.44,0
54.52,32,Branch,1,Branch,164,6980.98,0
100.13,57,Branch,1,Branch,168,5209.16,0
883.92,53,ATM,1,Online,129,2342.64,1
69.8,27,ATM,1,Branch,138,136.77,1
768.94,64,Branch,1,Branch,53,6860.18,0
179.62,24,Branch,1,Online,119,409.26,1
425.91,23,Branch,1,ATM,47,383.58,1
263.34,64,Branch,1,ATM,55,2411.02,1
113.03,36,ATM,1,Online,12,6756.13,0
11.02,42,Branch,1,Online,42,7879.66,0
865.17,24,Branch,1,Branch,161,9297.5,2
152.0,51,Branch,1,ATM,63,7531.43,0
270.39,25,Branch,1,ATM,104,899.15,1
246.41,54,Branch,1,ATM,23,1431.6,1
336.84,22,Branch,1,ATM,100,4500.26,0
261.45,50,ATM,1,Online,96,6735.74,0
99.98,73,ATM,1,Online,152,3037.97,1
400.69,32,Branch,1,Online,26,9040.33,0
411.47,26,Branch,1,ATM,120,796.63,1
204.63,52,Branch,1,Online,92,9199.52,2
421.56,53,Branch,1,Online,144,8037.87,0
193.38,18,Branch,1,ATM,285,1081.79,1
377.04,34,Branch,1,ATM,64,3812.87,1
54.1,28,ATM,1,Branch,17,940.91,1
18.1,57,Branch,1,ATM,66,6474.34,0
408.62,48,ATM,1,Online,159,2498.48,1
162.1,64,Branch,1,Branch,221,9578.74,2
165.31,49,Branch,1,ATM,28,7346.66,0
267.48,21,Branch,2,ATM,159,811.86,1
856.9,36,Branch,1,Branch,150,8579.69,0
433.9,65,Branch,1,Online,37,9013.1,0
271.22,45,ATM,1,ATM,87,6863.02,0
307.68,75,ATM,1,Online,162,2052.84,1
348.17,21,Branch,1,ATM,181,1887.84,1
43.1,25,Branch,1,Branch,102,6944.9,0
557.78,26,ATM,1,Branch,102,1289.48,1
325.6,69,Branch,1,ATM,88,13777.1,2
235.83,53,ATM,1,Online,169,4120.75,0
603.54,44,Branch,1,Online,26,10517.47,2
270.25,31,Branch,1,ATM,42,5414.97,0
123.38,59,Branch,1,Online,40,13542.41,2
577.12,39,Branch,1,ATM,69,5265.88,0
92.24,60,Branch,1,Branch,93,6937.48,0
856.21,33,ATM,1,Branch,109,12690.79,2
251.54,48,Branch,1,Branch,177,254.75,1
28.63,56,Branch,1,Branch,146,3382.91,1
185.97,23,Branch,1,Online,19,1776.91,1
243.08,24,ATM,1,Online,93,131.25,1
